component_id,building_id,facade_id,building_name,concession,concession_cn,component_type,image_name,resnet_cluster,cluster_code,cluster_informed_visual_grouping,Distance_to_Cluster_Center
WIN0001,B009,F001,叶蓬公馆旧址,British,英租界,Window,窗1.png,1,W1,Arched/ornamented tendency,10.61686
WIN0002,B009,F001,叶蓬公馆旧址,British,英租界,Window,窗10.png,3,W3,Rectilinear tendency,9.422023
WIN0003,B009,F001,叶蓬公馆旧址,British,英租界,Window,窗11.png,3,W3,Rectilinear tendency,13.813903
WIN0004,B009,F001,叶蓬公馆旧址,British,英租界,Window,窗12.png,1,W1,Arched/ornamented tendency,10.15933
WIN0005,B009,F001,叶蓬公馆旧址,British,英租界,Window,窗13.png,3,W3,Rectilinear tendency,12.367661
WIN0006,B009,F001,叶蓬公馆旧址,British,英租界,Window,窗14.png,3,W3,Rectilinear tendency,12.064602
WIN0007,B009,F001,叶蓬公馆旧址,British,英租界,Window,窗15.png,3,W3,Rectilinear tendency,10.0440645
WIN0008,B009,F001,叶蓬公馆旧址,British,英租界,Window,窗16.png,3,W3,Rectilinear tendency,8.900703
WIN0009,B009,F001,叶蓬公馆旧址,British,英租界,Window,窗17.png,3,W3,Rectilinear tendency,8.580028
WIN0010,B009,F001,叶蓬公馆旧址,British,英租界,Window,窗18.png,3,W3,Rectilinear tendency,9.250438
WIN0011,B009,F001,叶蓬公馆旧址,British,英租界,Window,窗2.png,3,W3,Rectilinear tendency,9.770438
WIN0012,B009,F001,叶蓬公馆旧址,British,英租界,Window,窗3.png,1,W1,Arched/ornamented tendency,10.24251
WIN0013,B009,F001,叶蓬公馆旧址,British,英租界,Window,窗4.png,3,W3,Rectilinear tendency,10.704072
WIN0014,B009,F001,叶蓬公馆旧址,British,英租界,Window,窗5.png,1,W1,Arched/ornamented tendency,10.799446
WIN0015,B009,F001,叶蓬公馆旧址,British,英租界,Window,窗6.png,3,W3,Rectilinear tendency,9.543088
WIN0016,B009,F001,叶蓬公馆旧址,British,英租界,Window,窗7.png,3,W3,Rectilinear tendency,9.199531
WIN0017,B009,F001,叶蓬公馆旧址,British,英租界,Window,窗8.png,3,W3,Rectilinear tendency,13.56547
WIN0018,B009,F001,叶蓬公馆旧址,British,英租界,Window,窗9.png,3,W3,Rectilinear tendency,10.92903
WIN0019,B031,F002,胜利街 112-114 号建筑,Russian,俄租界,Window,窗1.png,3,W3,Rectilinear tendency,13.06934
WIN0020,B031,F002,胜利街 112-114 号建筑,Russian,俄租界,Window,窗10.png,3,W3,Rectilinear tendency,6.9001074
WIN0021,B031,F002,胜利街 112-114 号建筑,Russian,俄租界,Window,窗11.png,3,W3,Rectilinear tendency,7.573238
WIN0022,B031,F002,胜利街 112-114 号建筑,Russian,俄租界,Window,窗12.png,2,W2,Horizontal-organization tendency,10.293345
WIN0023,B031,F002,胜利街 112-114 号建筑,Russian,俄租界,Window,窗2.png,2,W2,Horizontal-organization tendency,11.50968
WIN0024,B031,F002,胜利街 112-114 号建筑,Russian,俄租界,Window,窗3.png,2,W2,Horizontal-organization tendency,9.797572
WIN0025,B031,F002,胜利街 112-114 号建筑,Russian,俄租界,Window,窗4.png,2,W2,Horizontal-organization tendency,14.945076
WIN0026,B031,F002,胜利街 112-114 号建筑,Russian,俄租界,Window,窗5.png,3,W3,Rectilinear tendency,11.155835
WIN0027,B031,F002,胜利街 112-114 号建筑,Russian,俄租界,Window,窗6.png,3,W3,Rectilinear tendency,8.940964
WIN0028,B031,F002,胜利街 112-114 号建筑,Russian,俄租界,Window,窗7.png,3,W3,Rectilinear tendency,8.271736
WIN0029,B031,F002,胜利街 112-114 号建筑,Russian,俄租界,Window,窗8.png,3,W3,Rectilinear tendency,8.5946
WIN0030,B031,F002,胜利街 112-114 号建筑,Russian,俄租界,Window,窗9.png,3,W3,Rectilinear tendency,9.100628
WIN0031,B031,F003,胜利街 112-114 号建筑,Russian,俄租界,Window,窗1.png,3,W3,Rectilinear tendency,8.351494
WIN0032,B031,F003,胜利街 112-114 号建筑,Russian,俄租界,Window,窗10.png,3,W3,Rectilinear tendency,12.123641
WIN0033,B031,F003,胜利街 112-114 号建筑,Russian,俄租界,Window,窗11.png,3,W3,Rectilinear tendency,10.525267
WIN0034,B031,F003,胜利街 112-114 号建筑,Russian,俄租界,Window,窗12.png,3,W3,Rectilinear tendency,11.065647
WIN0035,B031,F003,胜利街 112-114 号建筑,Russian,俄租界,Window,窗13.png,3,W3,Rectilinear tendency,9.547189
WIN0036,B031,F003,胜利街 112-114 号建筑,Russian,俄租界,Window,窗14.png,1,W1,Arched/ornamented tendency,10.843768
WIN0037,B031,F003,胜利街 112-114 号建筑,Russian,俄租界,Window,窗15.png,3,W3,Rectilinear tendency,11.214285
WIN0038,B031,F003,胜利街 112-114 号建筑,Russian,俄租界,Window,窗16.png,1,W1,Arched/ornamented tendency,14.392239
WIN0039,B031,F003,胜利街 112-114 号建筑,Russian,俄租界,Window,窗17.png,3,W3,Rectilinear tendency,11.804279
WIN0040,B031,F003,胜利街 112-114 号建筑,Russian,俄租界,Window,窗18.png,3,W3,Rectilinear tendency,11.130366
WIN0041,B031,F003,胜利街 112-114 号建筑,Russian,俄租界,Window,窗19.png,3,W3,Rectilinear tendency,11.872766
WIN0042,B031,F003,胜利街 112-114 号建筑,Russian,俄租界,Window,窗2.png,3,W3,Rectilinear tendency,8.673551
WIN0043,B031,F003,胜利街 112-114 号建筑,Russian,俄租界,Window,窗20.png,2,W2,Horizontal-organization tendency,13.785019
WIN0044,B031,F003,胜利街 112-114 号建筑,Russian,俄租界,Window,窗21.png,3,W3,Rectilinear tendency,11.32683
WIN0045,B031,F003,胜利街 112-114 号建筑,Russian,俄租界,Window,窗22.png,3,W3,Rectilinear tendency,13.10838
WIN0046,B031,F003,胜利街 112-114 号建筑,Russian,俄租界,Window,窗23.png,3,W3,Rectilinear tendency,12.036217
WIN0047,B031,F003,胜利街 112-114 号建筑,Russian,俄租界,Window,窗24.png,3,W3,Rectilinear tendency,13.071609
WIN0048,B031,F003,胜利街 112-114 号建筑,Russian,俄租界,Window,窗3.png,3,W3,Rectilinear tendency,11.053993
WIN0049,B031,F003,胜利街 112-114 号建筑,Russian,俄租界,Window,窗4.png,3,W3,Rectilinear tendency,8.417468
WIN0050,B031,F003,胜利街 112-114 号建筑,Russian,俄租界,Window,窗5.png,3,W3,Rectilinear tendency,7.7521286
WIN0051,B031,F003,胜利街 112-114 号建筑,Russian,俄租界,Window,窗6.png,1,W1,Arched/ornamented tendency,9.15525
WIN0052,B031,F003,胜利街 112-114 号建筑,Russian,俄租界,Window,窗7.png,1,W1,Arched/ornamented tendency,8.063132
WIN0053,B031,F003,胜利街 112-114 号建筑,Russian,俄租界,Window,窗8.png,1,W1,Arched/ornamented tendency,8.84015
WIN0054,B031,F003,胜利街 112-114 号建筑,Russian,俄租界,Window,窗9.png,1,W1,Arched/ornamented tendency,9.501933
WIN0055,B031,F004,胜利街 112-114 号建筑,Russian,俄租界,Window,窗1.png,3,W3,Rectilinear tendency,8.221085
WIN0056,B031,F004,胜利街 112-114 号建筑,Russian,俄租界,Window,窗10.png,1,W1,Arched/ornamented tendency,9.009018
WIN0057,B031,F004,胜利街 112-114 号建筑,Russian,俄租界,Window,窗11.png,3,W3,Rectilinear tendency,7.061436
WIN0058,B031,F004,胜利街 112-114 号建筑,Russian,俄租界,Window,窗12.png,3,W3,Rectilinear tendency,9.317857
WIN0059,B031,F004,胜利街 112-114 号建筑,Russian,俄租界,Window,窗13.png,1,W1,Arched/ornamented tendency,9.174131
WIN0060,B031,F004,胜利街 112-114 号建筑,Russian,俄租界,Window,窗14.png,1,W1,Arched/ornamented tendency,9.050458
WIN0061,B031,F004,胜利街 112-114 号建筑,Russian,俄租界,Window,窗15.png,1,W1,Arched/ornamented tendency,8.594422
WIN0062,B031,F004,胜利街 112-114 号建筑,Russian,俄租界,Window,窗16.png,1,W1,Arched/ornamented tendency,8.689852
WIN0063,B031,F004,胜利街 112-114 号建筑,Russian,俄租界,Window,窗17.png,1,W1,Arched/ornamented tendency,8.310996
WIN0064,B031,F004,胜利街 112-114 号建筑,Russian,俄租界,Window,窗18.png,1,W1,Arched/ornamented tendency,9.219315
WIN0065,B031,F004,胜利街 112-114 号建筑,Russian,俄租界,Window,窗19.png,3,W3,Rectilinear tendency,9.83411
WIN0066,B031,F004,胜利街 112-114 号建筑,Russian,俄租界,Window,窗2.png,3,W3,Rectilinear tendency,7.4337068
WIN0067,B031,F004,胜利街 112-114 号建筑,Russian,俄租界,Window,窗20.png,3,W3,Rectilinear tendency,10.315724
WIN0068,B031,F004,胜利街 112-114 号建筑,Russian,俄租界,Window,窗21.png,3,W3,Rectilinear tendency,9.753095
WIN0069,B031,F004,胜利街 112-114 号建筑,Russian,俄租界,Window,窗22.png,3,W3,Rectilinear tendency,9.695066
WIN0070,B031,F004,胜利街 112-114 号建筑,Russian,俄租界,Window,窗23.png,3,W3,Rectilinear tendency,11.056762
WIN0071,B031,F004,胜利街 112-114 号建筑,Russian,俄租界,Window,窗24.png,3,W3,Rectilinear tendency,10.097384
WIN0072,B031,F004,胜利街 112-114 号建筑,Russian,俄租界,Window,窗3.png,3,W3,Rectilinear tendency,7.011363
WIN0073,B031,F004,胜利街 112-114 号建筑,Russian,俄租界,Window,窗4.png,3,W3,Rectilinear tendency,6.7679987
WIN0074,B031,F004,胜利街 112-114 号建筑,Russian,俄租界,Window,窗5.png,3,W3,Rectilinear tendency,7.8397436
WIN0075,B031,F004,胜利街 112-114 号建筑,Russian,俄租界,Window,窗6.png,3,W3,Rectilinear tendency,8.460265
WIN0076,B031,F004,胜利街 112-114 号建筑,Russian,俄租界,Window,窗7.png,3,W3,Rectilinear tendency,10.3215885
WIN0077,B031,F004,胜利街 112-114 号建筑,Russian,俄租界,Window,窗8.png,3,W3,Rectilinear tendency,8.10763
WIN0078,B031,F004,胜利街 112-114 号建筑,Russian,俄租界,Window,窗9.png,1,W1,Arched/ornamented tendency,9.338946
WIN0079,B039,F005,邮局职员宿舍,French,法租界,Window,窗1.png,3,W3,Rectilinear tendency,10.4619875
WIN0080,B039,F005,邮局职员宿舍,French,法租界,Window,窗10.png,3,W3,Rectilinear tendency,7.8232503
WIN0081,B039,F005,邮局职员宿舍,French,法租界,Window,窗11.png,3,W3,Rectilinear tendency,8.394046
WIN0082,B039,F005,邮局职员宿舍,French,法租界,Window,窗12.png,3,W3,Rectilinear tendency,9.953941
WIN0083,B039,F005,邮局职员宿舍,French,法租界,Window,窗13.png,3,W3,Rectilinear tendency,9.417204
WIN0084,B039,F005,邮局职员宿舍,French,法租界,Window,窗14.png,3,W3,Rectilinear tendency,9.125682
WIN0085,B039,F005,邮局职员宿舍,French,法租界,Window,窗15.png,3,W3,Rectilinear tendency,8.974913
WIN0086,B039,F005,邮局职员宿舍,French,法租界,Window,窗16.png,3,W3,Rectilinear tendency,9.979377
WIN0087,B039,F005,邮局职员宿舍,French,法租界,Window,窗17.png,3,W3,Rectilinear tendency,9.717835
WIN0088,B039,F005,邮局职员宿舍,French,法租界,Window,窗18.png,3,W3,Rectilinear tendency,10.177198
WIN0089,B039,F005,邮局职员宿舍,French,法租界,Window,窗19.png,3,W3,Rectilinear tendency,9.817098
WIN0090,B039,F005,邮局职员宿舍,French,法租界,Window,窗2.png,2,W2,Horizontal-organization tendency,14.11107
WIN0091,B039,F005,邮局职员宿舍,French,法租界,Window,窗20.png,3,W3,Rectilinear tendency,11.028625
WIN0092,B039,F005,邮局职员宿舍,French,法租界,Window,窗21.png,3,W3,Rectilinear tendency,9.6171875
WIN0093,B039,F005,邮局职员宿舍,French,法租界,Window,窗22.png,3,W3,Rectilinear tendency,12.883408
WIN0094,B039,F005,邮局职员宿舍,French,法租界,Window,窗23.png,3,W3,Rectilinear tendency,13.072477
WIN0095,B039,F005,邮局职员宿舍,French,法租界,Window,窗24.png,2,W2,Horizontal-organization tendency,10.085882
WIN0096,B039,F005,邮局职员宿舍,French,法租界,Window,窗25.png,1,W1,Arched/ornamented tendency,10.396859
WIN0097,B039,F005,邮局职员宿舍,French,法租界,Window,窗26.png,3,W3,Rectilinear tendency,10.059636
WIN0098,B039,F005,邮局职员宿舍,French,法租界,Window,窗27.png,3,W3,Rectilinear tendency,13.783272
WIN0099,B039,F005,邮局职员宿舍,French,法租界,Window,窗28.png,3,W3,Rectilinear tendency,8.028279
WIN0100,B039,F005,邮局职员宿舍,French,法租界,Window,窗29.png,3,W3,Rectilinear tendency,8.259204
WIN0101,B039,F005,邮局职员宿舍,French,法租界,Window,窗3.png,3,W3,Rectilinear tendency,10.8971815
WIN0102,B039,F005,邮局职员宿舍,French,法租界,Window,窗30.png,3,W3,Rectilinear tendency,10.104062
WIN0103,B039,F005,邮局职员宿舍,French,法租界,Window,窗31.png,3,W3,Rectilinear tendency,10.102869
WIN0104,B039,F005,邮局职员宿舍,French,法租界,Window,窗32.png,3,W3,Rectilinear tendency,9.4419365
WIN0105,B039,F005,邮局职员宿舍,French,法租界,Window,窗33.png,3,W3,Rectilinear tendency,9.618059
WIN0106,B039,F005,邮局职员宿舍,French,法租界,Window,窗34.png,3,W3,Rectilinear tendency,9.635583
WIN0107,B039,F005,邮局职员宿舍,French,法租界,Window,窗35.png,3,W3,Rectilinear tendency,9.977155
WIN0108,B039,F005,邮局职员宿舍,French,法租界,Window,窗36.png,3,W3,Rectilinear tendency,9.323386
WIN0109,B039,F005,邮局职员宿舍,French,法租界,Window,窗37.png,3,W3,Rectilinear tendency,10.125834
WIN0110,B039,F005,邮局职员宿舍,French,法租界,Window,窗38.png,3,W3,Rectilinear tendency,9.618494
WIN0111,B039,F005,邮局职员宿舍,French,法租界,Window,窗39.png,3,W3,Rectilinear tendency,8.562933
WIN0112,B039,F005,邮局职员宿舍,French,法租界,Window,窗4.png,3,W3,Rectilinear tendency,11.614591
WIN0113,B039,F005,邮局职员宿舍,French,法租界,Window,窗40.png,3,W3,Rectilinear tendency,12.835036
WIN0114,B039,F005,邮局职员宿舍,French,法租界,Window,窗41.png,3,W3,Rectilinear tendency,11.390867
WIN0115,B039,F005,邮局职员宿舍,French,法租界,Window,窗42.png,3,W3,Rectilinear tendency,9.793584
WIN0116,B039,F005,邮局职员宿舍,French,法租界,Window,窗43.png,3,W3,Rectilinear tendency,10.423811
WIN0117,B039,F005,邮局职员宿舍,French,法租界,Window,窗44.png,2,W2,Horizontal-organization tendency,9.913841
WIN0118,B039,F005,邮局职员宿舍,French,法租界,Window,窗45.png,2,W2,Horizontal-organization tendency,9.435922
WIN0119,B039,F005,邮局职员宿舍,French,法租界,Window,窗46.png,2,W2,Horizontal-organization tendency,14.932866
WIN0120,B039,F005,邮局职员宿舍,French,法租界,Window,窗47.png,3,W3,Rectilinear tendency,13.066835
WIN0121,B039,F005,邮局职员宿舍,French,法租界,Window,窗48.png,3,W3,Rectilinear tendency,11.440544
WIN0122,B039,F005,邮局职员宿舍,French,法租界,Window,窗49.png,3,W3,Rectilinear tendency,9.356229
WIN0123,B039,F005,邮局职员宿舍,French,法租界,Window,窗5.png,2,W2,Horizontal-organization tendency,14.060221
WIN0124,B039,F005,邮局职员宿舍,French,法租界,Window,窗50.png,3,W3,Rectilinear tendency,11.029206
WIN0125,B039,F005,邮局职员宿舍,French,法租界,Window,窗51.png,2,W2,Horizontal-organization tendency,10.399529
WIN0126,B039,F005,邮局职员宿舍,French,法租界,Window,窗52.png,3,W3,Rectilinear tendency,12.22221
WIN0127,B039,F005,邮局职员宿舍,French,法租界,Window,窗53.png,2,W2,Horizontal-organization tendency,13.317582
WIN0128,B039,F005,邮局职员宿舍,French,法租界,Window,窗54.png,2,W2,Horizontal-organization tendency,13.234589
WIN0129,B039,F005,邮局职员宿舍,French,法租界,Window,窗55.png,2,W2,Horizontal-organization tendency,13.003854
WIN0130,B039,F005,邮局职员宿舍,French,法租界,Window,窗56.png,2,W2,Horizontal-organization tendency,11.629565
WIN0131,B039,F005,邮局职员宿舍,French,法租界,Window,窗57.png,3,W3,Rectilinear tendency,13.696946
WIN0132,B039,F005,邮局职员宿舍,French,法租界,Window,窗58.png,2,W2,Horizontal-organization tendency,11.955082
WIN0133,B039,F005,邮局职员宿舍,French,法租界,Window,窗6.png,3,W3,Rectilinear tendency,8.736753
WIN0134,B039,F005,邮局职员宿舍,French,法租界,Window,窗7.png,3,W3,Rectilinear tendency,8.721989
WIN0135,B039,F005,邮局职员宿舍,French,法租界,Window,窗8.png,3,W3,Rectilinear tendency,11.1774845
WIN0136,B039,F005,邮局职员宿舍,French,法租界,Window,窗9.png,3,W3,Rectilinear tendency,9.657239
WIN0137,B023,F006,周星堂公馆,Russian,俄租界,Window,窗1.png,3,W3,Rectilinear tendency,10.327595
WIN0138,B023,F006,周星堂公馆,Russian,俄租界,Window,窗10.png,3,W3,Rectilinear tendency,9.574923
WIN0139,B023,F006,周星堂公馆,Russian,俄租界,Window,窗11.png,3,W3,Rectilinear tendency,11.56825
WIN0140,B023,F006,周星堂公馆,Russian,俄租界,Window,窗12.png,1,W1,Arched/ornamented tendency,14.722814
WIN0141,B023,F006,周星堂公馆,Russian,俄租界,Window,窗13.png,3,W3,Rectilinear tendency,13.351172
WIN0142,B023,F006,周星堂公馆,Russian,俄租界,Window,窗14.png,3,W3,Rectilinear tendency,11.541426
WIN0143,B023,F006,周星堂公馆,Russian,俄租界,Window,窗2.png,3,W3,Rectilinear tendency,7.2898693
WIN0144,B023,F006,周星堂公馆,Russian,俄租界,Window,窗3.png,3,W3,Rectilinear tendency,11.479791
WIN0145,B023,F006,周星堂公馆,Russian,俄租界,Window,窗4.png,3,W3,Rectilinear tendency,8.843752
WIN0146,B023,F006,周星堂公馆,Russian,俄租界,Window,窗5.png,3,W3,Rectilinear tendency,10.490324
WIN0147,B023,F006,周星堂公馆,Russian,俄租界,Window,窗6.png,3,W3,Rectilinear tendency,10.560824
WIN0148,B023,F006,周星堂公馆,Russian,俄租界,Window,窗7.png,3,W3,Rectilinear tendency,10.356056
WIN0149,B023,F006,周星堂公馆,Russian,俄租界,Window,窗8.png,3,W3,Rectilinear tendency,9.172412
WIN0150,B023,F006,周星堂公馆,Russian,俄租界,Window,窗9.png,3,W3,Rectilinear tendency,9.44758
WIN0151,B023,F007,周星堂公馆,Russian,俄租界,Window,窗1.png,3,W3,Rectilinear tendency,11.056471
WIN0152,B023,F007,周星堂公馆,Russian,俄租界,Window,窗10.png,3,W3,Rectilinear tendency,10.990605
WIN0153,B023,F007,周星堂公馆,Russian,俄租界,Window,窗11.png,3,W3,Rectilinear tendency,11.148745
WIN0154,B023,F007,周星堂公馆,Russian,俄租界,Window,窗12.png,3,W3,Rectilinear tendency,9.62524
WIN0155,B023,F007,周星堂公馆,Russian,俄租界,Window,窗2.png,3,W3,Rectilinear tendency,12.47924
WIN0156,B023,F007,周星堂公馆,Russian,俄租界,Window,窗3.png,3,W3,Rectilinear tendency,9.569529
WIN0157,B023,F007,周星堂公馆,Russian,俄租界,Window,窗4.png,3,W3,Rectilinear tendency,11.376137
WIN0158,B023,F007,周星堂公馆,Russian,俄租界,Window,窗5.png,3,W3,Rectilinear tendency,9.084116
WIN0159,B023,F007,周星堂公馆,Russian,俄租界,Window,窗6.png,3,W3,Rectilinear tendency,9.156112
WIN0160,B023,F007,周星堂公馆,Russian,俄租界,Window,窗7.png,3,W3,Rectilinear tendency,9.888919
WIN0161,B023,F007,周星堂公馆,Russian,俄租界,Window,窗8.png,3,W3,Rectilinear tendency,11.547712
WIN0162,B023,F007,周星堂公馆,Russian,俄租界,Window,窗9.png,3,W3,Rectilinear tendency,10.160942
WIN0163,B023,F008,周星堂公馆,Russian,俄租界,Window,窗1.png,3,W3,Rectilinear tendency,14.607637
WIN0164,B023,F008,周星堂公馆,Russian,俄租界,Window,窗2.png,3,W3,Rectilinear tendency,14.857585
WIN0165,B023,F008,周星堂公馆,Russian,俄租界,Window,窗3.png,3,W3,Rectilinear tendency,7.836869
WIN0166,B043,F009,洞庭街 38-40 号建筑,French,法租界,Window,窗1.png,2,W2,Horizontal-organization tendency,8.219898
WIN0167,B043,F009,洞庭街 38-40 号建筑,French,法租界,Window,窗10.png,2,W2,Horizontal-organization tendency,8.89359
WIN0168,B043,F009,洞庭街 38-40 号建筑,French,法租界,Window,窗11.png,2,W2,Horizontal-organization tendency,9.772644
WIN0169,B043,F009,洞庭街 38-40 号建筑,French,法租界,Window,窗12.png,2,W2,Horizontal-organization tendency,10.14377
WIN0170,B043,F009,洞庭街 38-40 号建筑,French,法租界,Window,窗13.png,2,W2,Horizontal-organization tendency,9.890886
WIN0171,B043,F009,洞庭街 38-40 号建筑,French,法租界,Window,窗14.png,2,W2,Horizontal-organization tendency,9.765357
WIN0172,B043,F009,洞庭街 38-40 号建筑,French,法租界,Window,窗15.png,2,W2,Horizontal-organization tendency,9.301076
WIN0173,B043,F009,洞庭街 38-40 号建筑,French,法租界,Window,窗16.png,2,W2,Horizontal-organization tendency,10.167113
WIN0174,B043,F009,洞庭街 38-40 号建筑,French,法租界,Window,窗17.png,2,W2,Horizontal-organization tendency,12.6530905
WIN0175,B043,F009,洞庭街 38-40 号建筑,French,法租界,Window,窗18.png,2,W2,Horizontal-organization tendency,9.989034
WIN0176,B043,F009,洞庭街 38-40 号建筑,French,法租界,Window,窗19.png,2,W2,Horizontal-organization tendency,9.591966
WIN0177,B043,F009,洞庭街 38-40 号建筑,French,法租界,Window,窗2.png,2,W2,Horizontal-organization tendency,9.096129
WIN0178,B043,F009,洞庭街 38-40 号建筑,French,法租界,Window,窗20.png,3,W3,Rectilinear tendency,12.903839
WIN0179,B043,F009,洞庭街 38-40 号建筑,French,法租界,Window,窗21.png,2,W2,Horizontal-organization tendency,9.795117
WIN0180,B043,F009,洞庭街 38-40 号建筑,French,法租界,Window,窗22.png,3,W3,Rectilinear tendency,10.219257
WIN0181,B043,F009,洞庭街 38-40 号建筑,French,法租界,Window,窗23.png,3,W3,Rectilinear tendency,11.163778
WIN0182,B043,F009,洞庭街 38-40 号建筑,French,法租界,Window,窗24.png,2,W2,Horizontal-organization tendency,10.269995
WIN0183,B043,F009,洞庭街 38-40 号建筑,French,法租界,Window,窗25.png,2,W2,Horizontal-organization tendency,12.197605
WIN0184,B043,F009,洞庭街 38-40 号建筑,French,法租界,Window,窗26.png,3,W3,Rectilinear tendency,7.11793
WIN0185,B043,F009,洞庭街 38-40 号建筑,French,法租界,Window,窗27.png,2,W2,Horizontal-organization tendency,8.094899
WIN0186,B043,F009,洞庭街 38-40 号建筑,French,法租界,Window,窗3.png,2,W2,Horizontal-organization tendency,8.85068
WIN0187,B043,F009,洞庭街 38-40 号建筑,French,法租界,Window,窗4.png,2,W2,Horizontal-organization tendency,11.357996
WIN0188,B043,F009,洞庭街 38-40 号建筑,French,法租界,Window,窗5.png,2,W2,Horizontal-organization tendency,11.426393
WIN0189,B043,F009,洞庭街 38-40 号建筑,French,法租界,Window,窗6.png,2,W2,Horizontal-organization tendency,7.408435
WIN0190,B043,F009,洞庭街 38-40 号建筑,French,法租界,Window,窗7.png,3,W3,Rectilinear tendency,9.290639
WIN0191,B043,F009,洞庭街 38-40 号建筑,French,法租界,Window,窗8.png,2,W2,Horizontal-organization tendency,9.99135
WIN0192,B043,F009,洞庭街 38-40 号建筑,French,法租界,Window,窗9.png,2,W2,Horizontal-organization tendency,9.861311
WIN0193,B002,F010,中央信托局汉口分局旧址,British,英租界,Window,窗1.png,3,W3,Rectilinear tendency,8.0131235
WIN0194,B002,F010,中央信托局汉口分局旧址,British,英租界,Window,窗10.png,3,W3,Rectilinear tendency,9.123438
WIN0195,B002,F010,中央信托局汉口分局旧址,British,英租界,Window,窗11.png,3,W3,Rectilinear tendency,8.731954
WIN0196,B002,F010,中央信托局汉口分局旧址,British,英租界,Window,窗12.png,3,W3,Rectilinear tendency,13.36645
WIN0197,B002,F010,中央信托局汉口分局旧址,British,英租界,Window,窗13.png,3,W3,Rectilinear tendency,8.474947
WIN0198,B002,F010,中央信托局汉口分局旧址,British,英租界,Window,窗14.png,3,W3,Rectilinear tendency,11.365817
WIN0199,B002,F010,中央信托局汉口分局旧址,British,英租界,Window,窗15.png,3,W3,Rectilinear tendency,11.19606
WIN0200,B002,F010,中央信托局汉口分局旧址,British,英租界,Window,窗16.png,3,W3,Rectilinear tendency,13.098489
WIN0201,B002,F010,中央信托局汉口分局旧址,British,英租界,Window,窗17.png,3,W3,Rectilinear tendency,13.859162
WIN0202,B002,F010,中央信托局汉口分局旧址,British,英租界,Window,窗18.png,3,W3,Rectilinear tendency,11.99637
WIN0203,B002,F010,中央信托局汉口分局旧址,British,英租界,Window,窗19.png,3,W3,Rectilinear tendency,12.127667
WIN0204,B002,F010,中央信托局汉口分局旧址,British,英租界,Window,窗2.png,3,W3,Rectilinear tendency,7.069413
WIN0205,B002,F010,中央信托局汉口分局旧址,British,英租界,Window,窗20.png,3,W3,Rectilinear tendency,9.129419
WIN0206,B002,F010,中央信托局汉口分局旧址,British,英租界,Window,窗21.png,3,W3,Rectilinear tendency,10.680827
WIN0207,B002,F010,中央信托局汉口分局旧址,British,英租界,Window,窗22.png,3,W3,Rectilinear tendency,9.841369
WIN0208,B002,F010,中央信托局汉口分局旧址,British,英租界,Window,窗23.png,3,W3,Rectilinear tendency,11.431704
WIN0209,B002,F010,中央信托局汉口分局旧址,British,英租界,Window,窗24.png,3,W3,Rectilinear tendency,11.333521
WIN0210,B002,F010,中央信托局汉口分局旧址,British,英租界,Window,窗25.png,3,W3,Rectilinear tendency,10.554458
WIN0211,B002,F010,中央信托局汉口分局旧址,British,英租界,Window,窗26.png,3,W3,Rectilinear tendency,9.076243
WIN0212,B002,F010,中央信托局汉口分局旧址,British,英租界,Window,窗27.png,3,W3,Rectilinear tendency,11.651653
WIN0213,B002,F010,中央信托局汉口分局旧址,British,英租界,Window,窗28.png,3,W3,Rectilinear tendency,9.932189
WIN0214,B002,F010,中央信托局汉口分局旧址,British,英租界,Window,窗29.png,3,W3,Rectilinear tendency,10.725691
WIN0215,B002,F010,中央信托局汉口分局旧址,British,英租界,Window,窗3.png,3,W3,Rectilinear tendency,8.822523
WIN0216,B002,F010,中央信托局汉口分局旧址,British,英租界,Window,窗30.png,3,W3,Rectilinear tendency,10.845637
WIN0217,B002,F010,中央信托局汉口分局旧址,British,英租界,Window,窗31.png,3,W3,Rectilinear tendency,15.683678
WIN0218,B002,F010,中央信托局汉口分局旧址,British,英租界,Window,窗32.png,3,W3,Rectilinear tendency,9.257594
WIN0219,B002,F010,中央信托局汉口分局旧址,British,英租界,Window,窗33.png,3,W3,Rectilinear tendency,9.879012
WIN0220,B002,F010,中央信托局汉口分局旧址,British,英租界,Window,窗34.png,3,W3,Rectilinear tendency,9.491083
WIN0221,B002,F010,中央信托局汉口分局旧址,British,英租界,Window,窗35.png,3,W3,Rectilinear tendency,11.459281
WIN0222,B002,F010,中央信托局汉口分局旧址,British,英租界,Window,窗36.png,3,W3,Rectilinear tendency,10.34946
WIN0223,B002,F010,中央信托局汉口分局旧址,British,英租界,Window,窗37.png,3,W3,Rectilinear tendency,10.540494
WIN0224,B002,F010,中央信托局汉口分局旧址,British,英租界,Window,窗38.png,3,W3,Rectilinear tendency,7.6195107
WIN0225,B002,F010,中央信托局汉口分局旧址,British,英租界,Window,窗39.png,3,W3,Rectilinear tendency,11.870496
WIN0226,B002,F010,中央信托局汉口分局旧址,British,英租界,Window,窗4.png,3,W3,Rectilinear tendency,7.033914
WIN0227,B002,F010,中央信托局汉口分局旧址,British,英租界,Window,窗40.png,3,W3,Rectilinear tendency,11.991018
WIN0228,B002,F010,中央信托局汉口分局旧址,British,英租界,Window,窗41.png,3,W3,Rectilinear tendency,12.652857
WIN0229,B002,F010,中央信托局汉口分局旧址,British,英租界,Window,窗42.png,3,W3,Rectilinear tendency,13.9183235
WIN0230,B002,F010,中央信托局汉口分局旧址,British,英租界,Window,窗43.png,3,W3,Rectilinear tendency,11.014385
WIN0231,B002,F010,中央信托局汉口分局旧址,British,英租界,Window,窗44.png,3,W3,Rectilinear tendency,12.866083
WIN0232,B002,F010,中央信托局汉口分局旧址,British,英租界,Window,窗45.png,3,W3,Rectilinear tendency,13.533235
WIN0233,B002,F010,中央信托局汉口分局旧址,British,英租界,Window,窗46.png,3,W3,Rectilinear tendency,11.483068
WIN0234,B002,F010,中央信托局汉口分局旧址,British,英租界,Window,窗47.png,3,W3,Rectilinear tendency,8.195589
WIN0235,B002,F010,中央信托局汉口分局旧址,British,英租界,Window,窗48.png,3,W3,Rectilinear tendency,11.086139
WIN0236,B002,F010,中央信托局汉口分局旧址,British,英租界,Window,窗49.png,3,W3,Rectilinear tendency,10.620768
WIN0237,B002,F010,中央信托局汉口分局旧址,British,英租界,Window,窗5.png,3,W3,Rectilinear tendency,7.6999044
WIN0238,B002,F010,中央信托局汉口分局旧址,British,英租界,Window,窗50.png,3,W3,Rectilinear tendency,8.902423
WIN0239,B002,F010,中央信托局汉口分局旧址,British,英租界,Window,窗51.png,3,W3,Rectilinear tendency,11.420019
WIN0240,B002,F010,中央信托局汉口分局旧址,British,英租界,Window,窗52.png,3,W3,Rectilinear tendency,10.093327
WIN0241,B002,F010,中央信托局汉口分局旧址,British,英租界,Window,窗53.png,3,W3,Rectilinear tendency,10.380535
WIN0242,B002,F010,中央信托局汉口分局旧址,British,英租界,Window,窗54.png,3,W3,Rectilinear tendency,11.387769
WIN0243,B002,F010,中央信托局汉口分局旧址,British,英租界,Window,窗55.png,3,W3,Rectilinear tendency,9.741833
WIN0244,B002,F010,中央信托局汉口分局旧址,British,英租界,Window,窗56.png,3,W3,Rectilinear tendency,10.87177
WIN0245,B002,F010,中央信托局汉口分局旧址,British,英租界,Window,窗57.png,3,W3,Rectilinear tendency,10.357098
WIN0246,B002,F010,中央信托局汉口分局旧址,British,英租界,Window,窗58.png,3,W3,Rectilinear tendency,9.127422
WIN0247,B002,F010,中央信托局汉口分局旧址,British,英租界,Window,窗59.png,3,W3,Rectilinear tendency,9.501112
WIN0248,B002,F010,中央信托局汉口分局旧址,British,英租界,Window,窗6.png,3,W3,Rectilinear tendency,10.805524
WIN0249,B002,F010,中央信托局汉口分局旧址,British,英租界,Window,窗60.png,3,W3,Rectilinear tendency,7.562544
WIN0250,B002,F010,中央信托局汉口分局旧址,British,英租界,Window,窗61.png,3,W3,Rectilinear tendency,9.048959
WIN0251,B002,F010,中央信托局汉口分局旧址,British,英租界,Window,窗62.png,3,W3,Rectilinear tendency,11.248478
WIN0252,B002,F010,中央信托局汉口分局旧址,British,英租界,Window,窗63.png,2,W2,Horizontal-organization tendency,9.143437
WIN0253,B002,F010,中央信托局汉口分局旧址,British,英租界,Window,窗64.png,2,W2,Horizontal-organization tendency,8.907772
WIN0254,B002,F010,中央信托局汉口分局旧址,British,英租界,Window,窗65.png,3,W3,Rectilinear tendency,8.363943
WIN0255,B002,F010,中央信托局汉口分局旧址,British,英租界,Window,窗66.png,3,W3,Rectilinear tendency,9.442227
WIN0256,B002,F010,中央信托局汉口分局旧址,British,英租界,Window,窗67.png,3,W3,Rectilinear tendency,10.4566145
WIN0257,B002,F010,中央信托局汉口分局旧址,British,英租界,Window,窗68.png,3,W3,Rectilinear tendency,8.801907
WIN0258,B002,F010,中央信托局汉口分局旧址,British,英租界,Window,窗69.png,3,W3,Rectilinear tendency,9.969823
WIN0259,B002,F010,中央信托局汉口分局旧址,British,英租界,Window,窗7.png,3,W3,Rectilinear tendency,6.879671
WIN0260,B002,F010,中央信托局汉口分局旧址,British,英租界,Window,窗70.png,3,W3,Rectilinear tendency,11.744152
WIN0261,B002,F010,中央信托局汉口分局旧址,British,英租界,Window,窗71.png,2,W2,Horizontal-organization tendency,8.959514
WIN0262,B002,F010,中央信托局汉口分局旧址,British,英租界,Window,窗72.png,3,W3,Rectilinear tendency,10.8106575
WIN0263,B002,F010,中央信托局汉口分局旧址,British,英租界,Window,窗8.png,3,W3,Rectilinear tendency,8.462534
WIN0264,B002,F010,中央信托局汉口分局旧址,British,英租界,Window,窗9.png,3,W3,Rectilinear tendency,8.64264
WIN0265,B044,F011,关麟书旧宅,French,法租界,Window,窗1.png,3,W3,Rectilinear tendency,8.524017
WIN0266,B044,F011,关麟书旧宅,French,法租界,Window,窗10.png,2,W2,Horizontal-organization tendency,9.169227
WIN0267,B044,F011,关麟书旧宅,French,法租界,Window,窗11.png,2,W2,Horizontal-organization tendency,8.423973
WIN0268,B044,F011,关麟书旧宅,French,法租界,Window,窗12.png,2,W2,Horizontal-organization tendency,8.728232
WIN0269,B044,F011,关麟书旧宅,French,法租界,Window,窗2.png,3,W3,Rectilinear tendency,10.021353
WIN0270,B044,F011,关麟书旧宅,French,法租界,Window,窗3.png,3,W3,Rectilinear tendency,8.055808
WIN0271,B044,F011,关麟书旧宅,French,法租界,Window,窗4.png,2,W2,Horizontal-organization tendency,8.81539
WIN0272,B044,F011,关麟书旧宅,French,法租界,Window,窗5.png,2,W2,Horizontal-organization tendency,11.931731
WIN0273,B044,F011,关麟书旧宅,French,法租界,Window,窗6.png,3,W3,Rectilinear tendency,8.5465555
WIN0274,B044,F011,关麟书旧宅,French,法租界,Window,窗7.png,3,W3,Rectilinear tendency,9.351671
WIN0275,B044,F011,关麟书旧宅,French,法租界,Window,窗8.png,2,W2,Horizontal-organization tendency,10.061494
WIN0276,B044,F011,关麟书旧宅,French,法租界,Window,窗9.png,3,W3,Rectilinear tendency,12.813086
WIN0277,B005,F012,老沙逊洋行仓库,British,英租界,Window,窗1.png,3,W3,Rectilinear tendency,7.9380884
WIN0278,B005,F012,老沙逊洋行仓库,British,英租界,Window,窗10.png,3,W3,Rectilinear tendency,7.4409986
WIN0279,B005,F012,老沙逊洋行仓库,British,英租界,Window,窗100.png,3,W3,Rectilinear tendency,7.889695
WIN0280,B005,F012,老沙逊洋行仓库,British,英租界,Window,窗101.png,3,W3,Rectilinear tendency,6.1586223
WIN0281,B005,F012,老沙逊洋行仓库,British,英租界,Window,窗102.png,3,W3,Rectilinear tendency,6.955958
WIN0282,B005,F012,老沙逊洋行仓库,British,英租界,Window,窗103.png,3,W3,Rectilinear tendency,9.322096
WIN0283,B005,F012,老沙逊洋行仓库,British,英租界,Window,窗104.png,3,W3,Rectilinear tendency,8.607927
WIN0284,B005,F012,老沙逊洋行仓库,British,英租界,Window,窗105.png,3,W3,Rectilinear tendency,9.725567
WIN0285,B005,F012,老沙逊洋行仓库,British,英租界,Window,窗106.png,3,W3,Rectilinear tendency,8.963391
WIN0286,B005,F012,老沙逊洋行仓库,British,英租界,Window,窗107.png,3,W3,Rectilinear tendency,7.8604674
WIN0287,B005,F012,老沙逊洋行仓库,British,英租界,Window,窗108.png,2,W2,Horizontal-organization tendency,4.8866377
WIN0288,B005,F012,老沙逊洋行仓库,British,英租界,Window,窗109.png,2,W2,Horizontal-organization tendency,7.987885
WIN0289,B005,F012,老沙逊洋行仓库,British,英租界,Window,窗11.png,3,W3,Rectilinear tendency,7.401554
WIN0290,B005,F012,老沙逊洋行仓库,British,英租界,Window,窗110.png,2,W2,Horizontal-organization tendency,7.937684
WIN0291,B005,F012,老沙逊洋行仓库,British,英租界,Window,窗111.png,2,W2,Horizontal-organization tendency,7.8245173
WIN0292,B005,F012,老沙逊洋行仓库,British,英租界,Window,窗112.png,2,W2,Horizontal-organization tendency,5.2612886
WIN0293,B005,F012,老沙逊洋行仓库,British,英租界,Window,窗113.png,3,W3,Rectilinear tendency,11.287572
WIN0294,B005,F012,老沙逊洋行仓库,British,英租界,Window,窗114.png,3,W3,Rectilinear tendency,13.021486
WIN0295,B005,F012,老沙逊洋行仓库,British,英租界,Window,窗115.png,3,W3,Rectilinear tendency,12.447423
WIN0296,B005,F012,老沙逊洋行仓库,British,英租界,Window,窗116.png,3,W3,Rectilinear tendency,11.022961
WIN0297,B005,F012,老沙逊洋行仓库,British,英租界,Window,窗117.png,3,W3,Rectilinear tendency,10.092132
WIN0298,B005,F012,老沙逊洋行仓库,British,英租界,Window,窗118.png,3,W3,Rectilinear tendency,10.942205
WIN0299,B005,F012,老沙逊洋行仓库,British,英租界,Window,窗119.png,3,W3,Rectilinear tendency,9.781775
WIN0300,B005,F012,老沙逊洋行仓库,British,英租界,Window,窗12.png,3,W3,Rectilinear tendency,8.742849
WIN0301,B005,F012,老沙逊洋行仓库,British,英租界,Window,窗13.png,3,W3,Rectilinear tendency,7.390264
WIN0302,B005,F012,老沙逊洋行仓库,British,英租界,Window,窗14.png,3,W3,Rectilinear tendency,7.9042773
WIN0303,B005,F012,老沙逊洋行仓库,British,英租界,Window,窗15.png,3,W3,Rectilinear tendency,7.9857163
WIN0304,B005,F012,老沙逊洋行仓库,British,英租界,Window,窗16.png,3,W3,Rectilinear tendency,8.050933
WIN0305,B005,F012,老沙逊洋行仓库,British,英租界,Window,窗17.png,3,W3,Rectilinear tendency,7.72631
WIN0306,B005,F012,老沙逊洋行仓库,British,英租界,Window,窗18.png,3,W3,Rectilinear tendency,7.8388505
WIN0307,B005,F012,老沙逊洋行仓库,British,英租界,Window,窗19.png,3,W3,Rectilinear tendency,7.042904
WIN0308,B005,F012,老沙逊洋行仓库,British,英租界,Window,窗2.png,3,W3,Rectilinear tendency,7.1980896
WIN0309,B005,F012,老沙逊洋行仓库,British,英租界,Window,窗20.png,3,W3,Rectilinear tendency,6.444238
WIN0310,B005,F012,老沙逊洋行仓库,British,英租界,Window,窗21.png,3,W3,Rectilinear tendency,7.784832
WIN0311,B005,F012,老沙逊洋行仓库,British,英租界,Window,窗22.png,3,W3,Rectilinear tendency,7.6334124
WIN0312,B005,F012,老沙逊洋行仓库,British,英租界,Window,窗23.png,3,W3,Rectilinear tendency,7.9864554
WIN0313,B005,F012,老沙逊洋行仓库,British,英租界,Window,窗24.png,3,W3,Rectilinear tendency,7.535383
WIN0314,B005,F012,老沙逊洋行仓库,British,英租界,Window,窗25.png,3,W3,Rectilinear tendency,7.6899996
WIN0315,B005,F012,老沙逊洋行仓库,British,英租界,Window,窗26.png,3,W3,Rectilinear tendency,6.253625
WIN0316,B005,F012,老沙逊洋行仓库,British,英租界,Window,窗27.png,3,W3,Rectilinear tendency,9.5759325
WIN0317,B005,F012,老沙逊洋行仓库,British,英租界,Window,窗28.png,3,W3,Rectilinear tendency,7.387128
WIN0318,B005,F012,老沙逊洋行仓库,British,英租界,Window,窗29.png,3,W3,Rectilinear tendency,7.690873
WIN0319,B005,F012,老沙逊洋行仓库,British,英租界,Window,窗3.png,3,W3,Rectilinear tendency,7.7242875
WIN0320,B005,F012,老沙逊洋行仓库,British,英租界,Window,窗30.png,2,W2,Horizontal-organization tendency,9.432438
WIN0321,B005,F012,老沙逊洋行仓库,British,英租界,Window,窗31.png,3,W3,Rectilinear tendency,7.856526
WIN0322,B005,F012,老沙逊洋行仓库,British,英租界,Window,窗32.png,3,W3,Rectilinear tendency,7.947066
WIN0323,B005,F012,老沙逊洋行仓库,British,英租界,Window,窗33.png,3,W3,Rectilinear tendency,10.124467
WIN0324,B005,F012,老沙逊洋行仓库,British,英租界,Window,窗34.png,3,W3,Rectilinear tendency,8.9689045
WIN0325,B005,F012,老沙逊洋行仓库,British,英租界,Window,窗35.png,3,W3,Rectilinear tendency,9.076742
WIN0326,B005,F012,老沙逊洋行仓库,British,英租界,Window,窗36.png,2,W2,Horizontal-organization tendency,7.540651
WIN0327,B005,F012,老沙逊洋行仓库,British,英租界,Window,窗37.png,3,W3,Rectilinear tendency,9.261891
WIN0328,B005,F012,老沙逊洋行仓库,British,英租界,Window,窗38.png,3,W3,Rectilinear tendency,10.524405
WIN0329,B005,F012,老沙逊洋行仓库,British,英租界,Window,窗39.png,3,W3,Rectilinear tendency,10.525172
WIN0330,B005,F012,老沙逊洋行仓库,British,英租界,Window,窗4.png,3,W3,Rectilinear tendency,7.592014
WIN0331,B005,F012,老沙逊洋行仓库,British,英租界,Window,窗40.png,3,W3,Rectilinear tendency,10.377384
WIN0332,B005,F012,老沙逊洋行仓库,British,英租界,Window,窗41.png,3,W3,Rectilinear tendency,11.692547
WIN0333,B005,F012,老沙逊洋行仓库,British,英租界,Window,窗42.png,3,W3,Rectilinear tendency,10.194856
WIN0334,B005,F012,老沙逊洋行仓库,British,英租界,Window,窗43.png,2,W2,Horizontal-organization tendency,10.140785
WIN0335,B005,F012,老沙逊洋行仓库,British,英租界,Window,窗44.png,2,W2,Horizontal-organization tendency,12.329539
WIN0336,B005,F012,老沙逊洋行仓库,British,英租界,Window,窗45.png,2,W2,Horizontal-organization tendency,11.699882
WIN0337,B005,F012,老沙逊洋行仓库,British,英租界,Window,窗46.png,2,W2,Horizontal-organization tendency,11.625189
WIN0338,B005,F012,老沙逊洋行仓库,British,英租界,Window,窗47.png,2,W2,Horizontal-organization tendency,11.435197
WIN0339,B005,F012,老沙逊洋行仓库,British,英租界,Window,窗48.png,2,W2,Horizontal-organization tendency,11.081143
WIN0340,B005,F012,老沙逊洋行仓库,British,英租界,Window,窗49.png,2,W2,Horizontal-organization tendency,11.649152
WIN0341,B005,F012,老沙逊洋行仓库,British,英租界,Window,窗5.png,3,W3,Rectilinear tendency,8.535896
WIN0342,B005,F012,老沙逊洋行仓库,British,英租界,Window,窗50.png,2,W2,Horizontal-organization tendency,12.943805
WIN0343,B005,F012,老沙逊洋行仓库,British,英租界,Window,窗51.png,2,W2,Horizontal-organization tendency,10.774296
WIN0344,B005,F012,老沙逊洋行仓库,British,英租界,Window,窗52.png,3,W3,Rectilinear tendency,9.911163
WIN0345,B005,F012,老沙逊洋行仓库,British,英租界,Window,窗53.png,3,W3,Rectilinear tendency,11.221429
WIN0346,B005,F012,老沙逊洋行仓库,British,英租界,Window,窗54.png,3,W3,Rectilinear tendency,10.654447
WIN0347,B005,F012,老沙逊洋行仓库,British,英租界,Window,窗55.png,3,W3,Rectilinear tendency,10.506475
WIN0348,B005,F012,老沙逊洋行仓库,British,英租界,Window,窗56.png,3,W3,Rectilinear tendency,8.7660885
WIN0349,B005,F012,老沙逊洋行仓库,British,英租界,Window,窗57.png,3,W3,Rectilinear tendency,10.938663
WIN0350,B005,F012,老沙逊洋行仓库,British,英租界,Window,窗58.png,3,W3,Rectilinear tendency,9.298155
WIN0351,B005,F012,老沙逊洋行仓库,British,英租界,Window,窗59.png,3,W3,Rectilinear tendency,10.162414
WIN0352,B005,F012,老沙逊洋行仓库,British,英租界,Window,窗6.png,3,W3,Rectilinear tendency,8.947566
WIN0353,B005,F012,老沙逊洋行仓库,British,英租界,Window,窗60.png,3,W3,Rectilinear tendency,9.164902
WIN0354,B005,F012,老沙逊洋行仓库,British,英租界,Window,窗61.png,3,W3,Rectilinear tendency,10.338398
WIN0355,B005,F012,老沙逊洋行仓库,British,英租界,Window,窗62.png,3,W3,Rectilinear tendency,9.047658
WIN0356,B005,F012,老沙逊洋行仓库,British,英租界,Window,窗63.png,3,W3,Rectilinear tendency,8.991524
WIN0357,B005,F012,老沙逊洋行仓库,British,英租界,Window,窗64.png,2,W2,Horizontal-organization tendency,10.246416
WIN0358,B005,F012,老沙逊洋行仓库,British,英租界,Window,窗65.png,2,W2,Horizontal-organization tendency,13.259893
WIN0359,B005,F012,老沙逊洋行仓库,British,英租界,Window,窗66.png,2,W2,Horizontal-organization tendency,10.749204
WIN0360,B005,F012,老沙逊洋行仓库,British,英租界,Window,窗67.png,2,W2,Horizontal-organization tendency,10.493544
WIN0361,B005,F012,老沙逊洋行仓库,British,英租界,Window,窗68.png,2,W2,Horizontal-organization tendency,13.447901
WIN0362,B005,F012,老沙逊洋行仓库,British,英租界,Window,窗69.png,2,W2,Horizontal-organization tendency,11.711122
WIN0363,B005,F012,老沙逊洋行仓库,British,英租界,Window,窗7.png,3,W3,Rectilinear tendency,7.8309546
WIN0364,B005,F012,老沙逊洋行仓库,British,英租界,Window,窗70.png,2,W2,Horizontal-organization tendency,13.447805
WIN0365,B005,F012,老沙逊洋行仓库,British,英租界,Window,窗71.png,2,W2,Horizontal-organization tendency,13.791418
WIN0366,B005,F012,老沙逊洋行仓库,British,英租界,Window,窗72.png,3,W3,Rectilinear tendency,7.322509
WIN0367,B005,F012,老沙逊洋行仓库,British,英租界,Window,窗73.png,3,W3,Rectilinear tendency,8.315669
WIN0368,B005,F012,老沙逊洋行仓库,British,英租界,Window,窗74.png,3,W3,Rectilinear tendency,9.2916
WIN0369,B005,F012,老沙逊洋行仓库,British,英租界,Window,窗75.png,3,W3,Rectilinear tendency,7.2573485
WIN0370,B005,F012,老沙逊洋行仓库,British,英租界,Window,窗76.png,3,W3,Rectilinear tendency,9.283179
WIN0371,B005,F012,老沙逊洋行仓库,British,英租界,Window,窗77.png,3,W3,Rectilinear tendency,6.751812
WIN0372,B005,F012,老沙逊洋行仓库,British,英租界,Window,窗78.png,3,W3,Rectilinear tendency,8.268745
WIN0373,B005,F012,老沙逊洋行仓库,British,英租界,Window,窗79.png,3,W3,Rectilinear tendency,8.218777
WIN0374,B005,F012,老沙逊洋行仓库,British,英租界,Window,窗8.png,3,W3,Rectilinear tendency,7.5189323
WIN0375,B005,F012,老沙逊洋行仓库,British,英租界,Window,窗80.png,3,W3,Rectilinear tendency,8.974035
WIN0376,B005,F012,老沙逊洋行仓库,British,英租界,Window,窗81.png,3,W3,Rectilinear tendency,8.339307
WIN0377,B005,F012,老沙逊洋行仓库,British,英租界,Window,窗82.png,3,W3,Rectilinear tendency,8.230129
WIN0378,B005,F012,老沙逊洋行仓库,British,英租界,Window,窗83.png,3,W3,Rectilinear tendency,9.081961
WIN0379,B005,F012,老沙逊洋行仓库,British,英租界,Window,窗84.png,3,W3,Rectilinear tendency,8.584014
WIN0380,B005,F012,老沙逊洋行仓库,British,英租界,Window,窗85.png,3,W3,Rectilinear tendency,7.8141913
WIN0381,B005,F012,老沙逊洋行仓库,British,英租界,Window,窗86.png,3,W3,Rectilinear tendency,8.150565
WIN0382,B005,F012,老沙逊洋行仓库,British,英租界,Window,窗87.png,3,W3,Rectilinear tendency,7.191752
WIN0383,B005,F012,老沙逊洋行仓库,British,英租界,Window,窗88.png,3,W3,Rectilinear tendency,9.041718
WIN0384,B005,F012,老沙逊洋行仓库,British,英租界,Window,窗89.png,3,W3,Rectilinear tendency,6.1702237
WIN0385,B005,F012,老沙逊洋行仓库,British,英租界,Window,窗9.png,3,W3,Rectilinear tendency,8.235804
WIN0386,B005,F012,老沙逊洋行仓库,British,英租界,Window,窗90.png,3,W3,Rectilinear tendency,9.39237
WIN0387,B005,F012,老沙逊洋行仓库,British,英租界,Window,窗91.png,3,W3,Rectilinear tendency,8.520248
WIN0388,B005,F012,老沙逊洋行仓库,British,英租界,Window,窗92.png,3,W3,Rectilinear tendency,8.347213
WIN0389,B005,F012,老沙逊洋行仓库,British,英租界,Window,窗93.png,3,W3,Rectilinear tendency,7.7493124
WIN0390,B005,F012,老沙逊洋行仓库,British,英租界,Window,窗94.png,3,W3,Rectilinear tendency,8.64377
WIN0391,B005,F012,老沙逊洋行仓库,British,英租界,Window,窗95.png,3,W3,Rectilinear tendency,6.2117453
WIN0392,B005,F012,老沙逊洋行仓库,British,英租界,Window,窗96.png,3,W3,Rectilinear tendency,8.642654
WIN0393,B005,F012,老沙逊洋行仓库,British,英租界,Window,窗97.png,3,W3,Rectilinear tendency,7.688953
WIN0394,B005,F012,老沙逊洋行仓库,British,英租界,Window,窗98.png,3,W3,Rectilinear tendency,8.358138
WIN0395,B005,F012,老沙逊洋行仓库,British,英租界,Window,窗99.png,3,W3,Rectilinear tendency,7.4043083
WIN0396,B045,F013,涂堃山公馆,French,法租界,Window,窗1.png,2,W2,Horizontal-organization tendency,10.483248
WIN0397,B045,F013,涂堃山公馆,French,法租界,Window,窗2.png,2,W2,Horizontal-organization tendency,10.999766
WIN0398,B045,F013,涂堃山公馆,French,法租界,Window,窗3.png,3,W3,Rectilinear tendency,9.694763
WIN0399,B018,F014,保安洋行旧址,British,英租界,Window,窗1.png,3,W3,Rectilinear tendency,18.560532
WIN0400,B018,F014,保安洋行旧址,British,英租界,Window,窗10.png,3,W3,Rectilinear tendency,13.93119
WIN0401,B018,F014,保安洋行旧址,British,英租界,Window,窗11.png,3,W3,Rectilinear tendency,12.729259
WIN0402,B018,F014,保安洋行旧址,British,英租界,Window,窗2.png,3,W3,Rectilinear tendency,16.256672
WIN0403,B018,F014,保安洋行旧址,British,英租界,Window,窗3.png,3,W3,Rectilinear tendency,17.015306
WIN0404,B018,F014,保安洋行旧址,British,英租界,Window,窗4.png,3,W3,Rectilinear tendency,12.396134
WIN0405,B018,F014,保安洋行旧址,British,英租界,Window,窗5.png,3,W3,Rectilinear tendency,14.822566
WIN0406,B018,F014,保安洋行旧址,British,英租界,Window,窗6.png,3,W3,Rectilinear tendency,16.19021
WIN0407,B018,F014,保安洋行旧址,British,英租界,Window,窗7.png,3,W3,Rectilinear tendency,12.734571
WIN0408,B018,F014,保安洋行旧址,British,英租界,Window,窗8.png,3,W3,Rectilinear tendency,14.041271
WIN0409,B018,F014,保安洋行旧址,British,英租界,Window,窗9.png,3,W3,Rectilinear tendency,11.698712
WIN0410,B018,F015,保安洋行旧址,British,英租界,Window,窗1.png,3,W3,Rectilinear tendency,6.9328423
WIN0411,B018,F015,保安洋行旧址,British,英租界,Window,窗2.png,3,W3,Rectilinear tendency,6.8603015
WIN0412,B018,F015,保安洋行旧址,British,英租界,Window,窗3.png,3,W3,Rectilinear tendency,7.518832
WIN0413,B018,F015,保安洋行旧址,British,英租界,Window,窗4.png,3,W3,Rectilinear tendency,8.263213
WIN0414,B018,F015,保安洋行旧址,British,英租界,Window,窗5.png,3,W3,Rectilinear tendency,7.493069
WIN0415,B018,F015,保安洋行旧址,British,英租界,Window,窗6.png,3,W3,Rectilinear tendency,6.35065
WIN0416,B018,F015,保安洋行旧址,British,英租界,Window,窗7.png,2,W2,Horizontal-organization tendency,18.452755
WIN0417,B006,F016,沿江大道 140 号（太吉洋行汉口分行）,British,英租界,Window,窗1.png,3,W3,Rectilinear tendency,8.159664
WIN0418,B006,F016,沿江大道 140 号（太吉洋行汉口分行）,British,英租界,Window,窗10.png,1,W1,Arched/ornamented tendency,10.297124
WIN0419,B006,F016,沿江大道 140 号（太吉洋行汉口分行）,British,英租界,Window,窗11.png,1,W1,Arched/ornamented tendency,10.000504
WIN0420,B006,F016,沿江大道 140 号（太吉洋行汉口分行）,British,英租界,Window,窗12.png,1,W1,Arched/ornamented tendency,8.641376
WIN0421,B006,F016,沿江大道 140 号（太吉洋行汉口分行）,British,英租界,Window,窗13.png,1,W1,Arched/ornamented tendency,8.112783
WIN0422,B006,F016,沿江大道 140 号（太吉洋行汉口分行）,British,英租界,Window,窗14.png,1,W1,Arched/ornamented tendency,9.973644
WIN0423,B006,F016,沿江大道 140 号（太吉洋行汉口分行）,British,英租界,Window,窗15.png,3,W3,Rectilinear tendency,8.440676
WIN0424,B006,F016,沿江大道 140 号（太吉洋行汉口分行）,British,英租界,Window,窗16.png,3,W3,Rectilinear tendency,9.759778
WIN0425,B006,F016,沿江大道 140 号（太吉洋行汉口分行）,British,英租界,Window,窗17.png,3,W3,Rectilinear tendency,9.775277
WIN0426,B006,F016,沿江大道 140 号（太吉洋行汉口分行）,British,英租界,Window,窗18.png,3,W3,Rectilinear tendency,7.3722034
WIN0427,B006,F016,沿江大道 140 号（太吉洋行汉口分行）,British,英租界,Window,窗19.png,3,W3,Rectilinear tendency,9.070348
WIN0428,B006,F016,沿江大道 140 号（太吉洋行汉口分行）,British,英租界,Window,窗2.png,3,W3,Rectilinear tendency,9.147895
WIN0429,B006,F016,沿江大道 140 号（太吉洋行汉口分行）,British,英租界,Window,窗20.png,3,W3,Rectilinear tendency,8.390698
WIN0430,B006,F016,沿江大道 140 号（太吉洋行汉口分行）,British,英租界,Window,窗21.png,3,W3,Rectilinear tendency,8.301071
WIN0431,B006,F016,沿江大道 140 号（太吉洋行汉口分行）,British,英租界,Window,窗22.png,1,W1,Arched/ornamented tendency,11.105278
WIN0432,B006,F016,沿江大道 140 号（太吉洋行汉口分行）,British,英租界,Window,窗23.png,1,W1,Arched/ornamented tendency,13.149993
WIN0433,B006,F016,沿江大道 140 号（太吉洋行汉口分行）,British,英租界,Window,窗24.png,1,W1,Arched/ornamented tendency,11.804845
WIN0434,B006,F016,沿江大道 140 号（太吉洋行汉口分行）,British,英租界,Window,窗25.png,1,W1,Arched/ornamented tendency,11.541117
WIN0435,B006,F016,沿江大道 140 号（太吉洋行汉口分行）,British,英租界,Window,窗26.png,1,W1,Arched/ornamented tendency,12.397579
WIN0436,B006,F016,沿江大道 140 号（太吉洋行汉口分行）,British,英租界,Window,窗27.png,1,W1,Arched/ornamented tendency,13.030958
WIN0437,B006,F016,沿江大道 140 号（太吉洋行汉口分行）,British,英租界,Window,窗3.png,3,W3,Rectilinear tendency,7.622877
WIN0438,B006,F016,沿江大道 140 号（太吉洋行汉口分行）,British,英租界,Window,窗4.png,3,W3,Rectilinear tendency,8.64822
WIN0439,B006,F016,沿江大道 140 号（太吉洋行汉口分行）,British,英租界,Window,窗5.png,3,W3,Rectilinear tendency,6.9813647
WIN0440,B006,F016,沿江大道 140 号（太吉洋行汉口分行）,British,英租界,Window,窗6.png,3,W3,Rectilinear tendency,8.522339
WIN0441,B006,F016,沿江大道 140 号（太吉洋行汉口分行）,British,英租界,Window,窗7.png,3,W3,Rectilinear tendency,8.808827
WIN0442,B006,F016,沿江大道 140 号（太吉洋行汉口分行）,British,英租界,Window,窗8.png,1,W1,Arched/ornamented tendency,10.105618
WIN0443,B006,F016,沿江大道 140 号（太吉洋行汉口分行）,British,英租界,Window,窗9.png,1,W1,Arched/ornamented tendency,9.493154
WIN0444,B019,F017,保顺洋行旧址,British,英租界,Window,窗1.png,3,W3,Rectilinear tendency,11.229409
WIN0445,B019,F017,保顺洋行旧址,British,英租界,Window,窗10.png,3,W3,Rectilinear tendency,8.859111
WIN0446,B019,F017,保顺洋行旧址,British,英租界,Window,窗11.png,3,W3,Rectilinear tendency,9.822709
WIN0447,B019,F017,保顺洋行旧址,British,英租界,Window,窗12.png,3,W3,Rectilinear tendency,8.997576
WIN0448,B019,F017,保顺洋行旧址,British,英租界,Window,窗13.png,2,W2,Horizontal-organization tendency,8.8799715
WIN0449,B019,F017,保顺洋行旧址,British,英租界,Window,窗14.png,3,W3,Rectilinear tendency,11.240707
WIN0450,B019,F017,保顺洋行旧址,British,英租界,Window,窗15.png,2,W2,Horizontal-organization tendency,10.634179
WIN0451,B019,F017,保顺洋行旧址,British,英租界,Window,窗16.png,3,W3,Rectilinear tendency,11.341993
WIN0452,B019,F017,保顺洋行旧址,British,英租界,Window,窗17.png,3,W3,Rectilinear tendency,11.684241
WIN0453,B019,F017,保顺洋行旧址,British,英租界,Window,窗18.png,3,W3,Rectilinear tendency,9.934105
WIN0454,B019,F017,保顺洋行旧址,British,英租界,Window,窗19.png,3,W3,Rectilinear tendency,11.18849
WIN0455,B019,F017,保顺洋行旧址,British,英租界,Window,窗2.png,3,W3,Rectilinear tendency,9.790481
WIN0456,B019,F017,保顺洋行旧址,British,英租界,Window,窗20.png,3,W3,Rectilinear tendency,9.681174
WIN0457,B019,F017,保顺洋行旧址,British,英租界,Window,窗21.png,3,W3,Rectilinear tendency,10.75784
WIN0458,B019,F017,保顺洋行旧址,British,英租界,Window,窗22.png,2,W2,Horizontal-organization tendency,13.22526
WIN0459,B019,F017,保顺洋行旧址,British,英租界,Window,窗23.png,3,W3,Rectilinear tendency,10.2831745
WIN0460,B019,F017,保顺洋行旧址,British,英租界,Window,窗24.png,2,W2,Horizontal-organization tendency,14.057069
WIN0461,B019,F017,保顺洋行旧址,British,英租界,Window,窗25.png,3,W3,Rectilinear tendency,10.138718
WIN0462,B019,F017,保顺洋行旧址,British,英租界,Window,窗26.png,3,W3,Rectilinear tendency,9.734105
WIN0463,B019,F017,保顺洋行旧址,British,英租界,Window,窗27.png,3,W3,Rectilinear tendency,8.761704
WIN0464,B019,F017,保顺洋行旧址,British,英租界,Window,窗28.png,3,W3,Rectilinear tendency,9.369285
WIN0465,B019,F017,保顺洋行旧址,British,英租界,Window,窗29.png,3,W3,Rectilinear tendency,8.697909
WIN0466,B019,F017,保顺洋行旧址,British,英租界,Window,窗3.png,3,W3,Rectilinear tendency,13.9116535
WIN0467,B019,F017,保顺洋行旧址,British,英租界,Window,窗30.png,3,W3,Rectilinear tendency,9.129251
WIN0468,B019,F017,保顺洋行旧址,British,英租界,Window,窗31.png,2,W2,Horizontal-organization tendency,12.476894
WIN0469,B019,F017,保顺洋行旧址,British,英租界,Window,窗32.png,3,W3,Rectilinear tendency,11.949092
WIN0470,B019,F017,保顺洋行旧址,British,英租界,Window,窗33.png,2,W2,Horizontal-organization tendency,14.542278
WIN0471,B019,F017,保顺洋行旧址,British,英租界,Window,窗34.png,3,W3,Rectilinear tendency,9.005096
WIN0472,B019,F017,保顺洋行旧址,British,英租界,Window,窗35.png,3,W3,Rectilinear tendency,9.184545
WIN0473,B019,F017,保顺洋行旧址,British,英租界,Window,窗36.png,3,W3,Rectilinear tendency,10.795502
WIN0474,B019,F017,保顺洋行旧址,British,英租界,Window,窗37.png,3,W3,Rectilinear tendency,7.2441807
WIN0475,B019,F017,保顺洋行旧址,British,英租界,Window,窗38.png,3,W3,Rectilinear tendency,8.28287
WIN0476,B019,F017,保顺洋行旧址,British,英租界,Window,窗39.png,3,W3,Rectilinear tendency,11.563737
WIN0477,B019,F017,保顺洋行旧址,British,英租界,Window,窗4.png,2,W2,Horizontal-organization tendency,9.464797
WIN0478,B019,F017,保顺洋行旧址,British,英租界,Window,窗40.png,3,W3,Rectilinear tendency,11.810852
WIN0479,B019,F017,保顺洋行旧址,British,英租界,Window,窗41.png,3,W3,Rectilinear tendency,8.981915
WIN0480,B019,F017,保顺洋行旧址,British,英租界,Window,窗42.png,3,W3,Rectilinear tendency,9.664471
WIN0481,B019,F017,保顺洋行旧址,British,英租界,Window,窗43.png,3,W3,Rectilinear tendency,8.174224
WIN0482,B019,F017,保顺洋行旧址,British,英租界,Window,窗44.png,2,W2,Horizontal-organization tendency,8.962043
WIN0483,B019,F017,保顺洋行旧址,British,英租界,Window,窗45.png,3,W3,Rectilinear tendency,10.770204
WIN0484,B019,F017,保顺洋行旧址,British,英租界,Window,窗5.png,3,W3,Rectilinear tendency,12.902118
WIN0485,B019,F017,保顺洋行旧址,British,英租界,Window,窗6.png,2,W2,Horizontal-organization tendency,10.615922
WIN0486,B019,F017,保顺洋行旧址,British,英租界,Window,窗7.png,3,W3,Rectilinear tendency,10.190185
WIN0487,B019,F017,保顺洋行旧址,British,英租界,Window,窗8.png,3,W3,Rectilinear tendency,12.167
WIN0488,B019,F017,保顺洋行旧址,British,英租界,Window,窗9.png,3,W3,Rectilinear tendency,10.224888
WIN0489,B013,F018,汉口汇丰银行大楼,British,英租界,Window,窗1.png,2,W2,Horizontal-organization tendency,11.28203
WIN0490,B013,F018,汉口汇丰银行大楼,British,英租界,Window,窗10.png,2,W2,Horizontal-organization tendency,11.270791
WIN0491,B013,F018,汉口汇丰银行大楼,British,英租界,Window,窗11.png,2,W2,Horizontal-organization tendency,9.876217
WIN0492,B013,F018,汉口汇丰银行大楼,British,英租界,Window,窗12.png,2,W2,Horizontal-organization tendency,8.132676
WIN0493,B013,F018,汉口汇丰银行大楼,British,英租界,Window,窗13.png,2,W2,Horizontal-organization tendency,8.864811
WIN0494,B013,F018,汉口汇丰银行大楼,British,英租界,Window,窗14.png,1,W1,Arched/ornamented tendency,12.723486
WIN0495,B013,F018,汉口汇丰银行大楼,British,英租界,Window,窗15.png,3,W3,Rectilinear tendency,12.312172
WIN0496,B013,F018,汉口汇丰银行大楼,British,英租界,Window,窗16.png,3,W3,Rectilinear tendency,10.844477
WIN0497,B013,F018,汉口汇丰银行大楼,British,英租界,Window,窗17.png,2,W2,Horizontal-organization tendency,8.202128
WIN0498,B013,F018,汉口汇丰银行大楼,British,英租界,Window,窗18.png,2,W2,Horizontal-organization tendency,8.445586
WIN0499,B013,F018,汉口汇丰银行大楼,British,英租界,Window,窗19.png,2,W2,Horizontal-organization tendency,11.868718
WIN0500,B013,F018,汉口汇丰银行大楼,British,英租界,Window,窗2.png,3,W3,Rectilinear tendency,10.325233
WIN0501,B013,F018,汉口汇丰银行大楼,British,英租界,Window,窗20.png,2,W2,Horizontal-organization tendency,11.003179
WIN0502,B013,F018,汉口汇丰银行大楼,British,英租界,Window,窗21.png,2,W2,Horizontal-organization tendency,7.992118
WIN0503,B013,F018,汉口汇丰银行大楼,British,英租界,Window,窗22.png,2,W2,Horizontal-organization tendency,8.447198
WIN0504,B013,F018,汉口汇丰银行大楼,British,英租界,Window,窗23.png,2,W2,Horizontal-organization tendency,10.583183
WIN0505,B013,F018,汉口汇丰银行大楼,British,英租界,Window,窗24.png,3,W3,Rectilinear tendency,9.728825
WIN0506,B013,F018,汉口汇丰银行大楼,British,英租界,Window,窗25.png,3,W3,Rectilinear tendency,10.189807
WIN0507,B013,F018,汉口汇丰银行大楼,British,英租界,Window,窗26.png,3,W3,Rectilinear tendency,11.769428
WIN0508,B013,F018,汉口汇丰银行大楼,British,英租界,Window,窗27.png,2,W2,Horizontal-organization tendency,10.817549
WIN0509,B013,F018,汉口汇丰银行大楼,British,英租界,Window,窗28.png,2,W2,Horizontal-organization tendency,10.144887
WIN0510,B013,F018,汉口汇丰银行大楼,British,英租界,Window,窗29.png,2,W2,Horizontal-organization tendency,9.36929
WIN0511,B013,F018,汉口汇丰银行大楼,British,英租界,Window,窗3.png,3,W3,Rectilinear tendency,11.818932
WIN0512,B013,F018,汉口汇丰银行大楼,British,英租界,Window,窗30.png,2,W2,Horizontal-organization tendency,8.080602
WIN0513,B013,F018,汉口汇丰银行大楼,British,英租界,Window,窗31.png,2,W2,Horizontal-organization tendency,7.824998
WIN0514,B013,F018,汉口汇丰银行大楼,British,英租界,Window,窗32.png,2,W2,Horizontal-organization tendency,11.066962
WIN0515,B013,F018,汉口汇丰银行大楼,British,英租界,Window,窗33.png,2,W2,Horizontal-organization tendency,10.515486
WIN0516,B013,F018,汉口汇丰银行大楼,British,英租界,Window,窗34.png,3,W3,Rectilinear tendency,10.189547
WIN0517,B013,F018,汉口汇丰银行大楼,British,英租界,Window,窗35.png,2,W2,Horizontal-organization tendency,8.85494
WIN0518,B013,F018,汉口汇丰银行大楼,British,英租界,Window,窗36.png,2,W2,Horizontal-organization tendency,10.716966
WIN0519,B013,F018,汉口汇丰银行大楼,British,英租界,Window,窗37.png,2,W2,Horizontal-organization tendency,7.836332
WIN0520,B013,F018,汉口汇丰银行大楼,British,英租界,Window,窗38.png,2,W2,Horizontal-organization tendency,8.385469
WIN0521,B013,F018,汉口汇丰银行大楼,British,英租界,Window,窗39.png,2,W2,Horizontal-organization tendency,10.575496
WIN0522,B013,F018,汉口汇丰银行大楼,British,英租界,Window,窗4.png,3,W3,Rectilinear tendency,11.819023
WIN0523,B013,F018,汉口汇丰银行大楼,British,英租界,Window,窗40.png,2,W2,Horizontal-organization tendency,9.830468
WIN0524,B013,F018,汉口汇丰银行大楼,British,英租界,Window,窗41.png,2,W2,Horizontal-organization tendency,10.938681
WIN0525,B013,F018,汉口汇丰银行大楼,British,英租界,Window,窗42.png,2,W2,Horizontal-organization tendency,9.407553
WIN0526,B013,F018,汉口汇丰银行大楼,British,英租界,Window,窗43.png,2,W2,Horizontal-organization tendency,10.447848
WIN0527,B013,F018,汉口汇丰银行大楼,British,英租界,Window,窗44.png,2,W2,Horizontal-organization tendency,10.053404
WIN0528,B013,F018,汉口汇丰银行大楼,British,英租界,Window,窗45.png,2,W2,Horizontal-organization tendency,9.929004
WIN0529,B013,F018,汉口汇丰银行大楼,British,英租界,Window,窗46.png,2,W2,Horizontal-organization tendency,10.809737
WIN0530,B013,F018,汉口汇丰银行大楼,British,英租界,Window,窗47.png,2,W2,Horizontal-organization tendency,9.603494
WIN0531,B013,F018,汉口汇丰银行大楼,British,英租界,Window,窗48.png,2,W2,Horizontal-organization tendency,15.439048
WIN0532,B013,F018,汉口汇丰银行大楼,British,英租界,Window,窗49.png,3,W3,Rectilinear tendency,10.925855
WIN0533,B013,F018,汉口汇丰银行大楼,British,英租界,Window,窗5.png,3,W3,Rectilinear tendency,11.212141
WIN0534,B013,F018,汉口汇丰银行大楼,British,英租界,Window,窗50.png,3,W3,Rectilinear tendency,14.603499
WIN0535,B013,F018,汉口汇丰银行大楼,British,英租界,Window,窗51.png,3,W3,Rectilinear tendency,10.116904
WIN0536,B013,F018,汉口汇丰银行大楼,British,英租界,Window,窗52.png,3,W3,Rectilinear tendency,12.204841
WIN0537,B013,F018,汉口汇丰银行大楼,British,英租界,Window,窗53.png,2,W2,Horizontal-organization tendency,9.080438
WIN0538,B013,F018,汉口汇丰银行大楼,British,英租界,Window,窗54.png,2,W2,Horizontal-organization tendency,9.737563
WIN0539,B013,F018,汉口汇丰银行大楼,British,英租界,Window,窗55.png,2,W2,Horizontal-organization tendency,8.895863
WIN0540,B013,F018,汉口汇丰银行大楼,British,英租界,Window,窗56.png,3,W3,Rectilinear tendency,7.7193866
WIN0541,B013,F018,汉口汇丰银行大楼,British,英租界,Window,窗57.png,2,W2,Horizontal-organization tendency,7.8674903
WIN0542,B013,F018,汉口汇丰银行大楼,British,英租界,Window,窗58.png,2,W2,Horizontal-organization tendency,10.447906
WIN0543,B013,F018,汉口汇丰银行大楼,British,英租界,Window,窗59.png,2,W2,Horizontal-organization tendency,8.255325
WIN0544,B013,F018,汉口汇丰银行大楼,British,英租界,Window,窗6.png,2,W2,Horizontal-organization tendency,8.711502
WIN0545,B013,F018,汉口汇丰银行大楼,British,英租界,Window,窗60.png,3,W3,Rectilinear tendency,9.187078
WIN0546,B013,F018,汉口汇丰银行大楼,British,英租界,Window,窗61.png,2,W2,Horizontal-organization tendency,6.313224
WIN0547,B013,F018,汉口汇丰银行大楼,British,英租界,Window,窗62.png,2,W2,Horizontal-organization tendency,8.676104
WIN0548,B013,F018,汉口汇丰银行大楼,British,英租界,Window,窗63.png,3,W3,Rectilinear tendency,10.52099
WIN0549,B013,F018,汉口汇丰银行大楼,British,英租界,Window,窗64.png,2,W2,Horizontal-organization tendency,8.180609
WIN0550,B013,F018,汉口汇丰银行大楼,British,英租界,Window,窗65.png,2,W2,Horizontal-organization tendency,10.021916
WIN0551,B013,F018,汉口汇丰银行大楼,British,英租界,Window,窗66.png,3,W3,Rectilinear tendency,13.880116
WIN0552,B013,F018,汉口汇丰银行大楼,British,英租界,Window,窗67.png,3,W3,Rectilinear tendency,12.08859
WIN0553,B013,F018,汉口汇丰银行大楼,British,英租界,Window,窗7.png,2,W2,Horizontal-organization tendency,8.320535
WIN0554,B013,F018,汉口汇丰银行大楼,British,英租界,Window,窗8.png,2,W2,Horizontal-organization tendency,9.352818
WIN0555,B013,F018,汉口汇丰银行大楼,British,英租界,Window,窗9.png,2,W2,Horizontal-organization tendency,10.612118
WIN0556,B007,F019,沿江大道 144 号建筑,British,英租界,Window,窗1.png,1,W1,Arched/ornamented tendency,10.274322
WIN0557,B007,F019,沿江大道 144 号建筑,British,英租界,Window,窗10.png,3,W3,Rectilinear tendency,8.754807
WIN0558,B007,F019,沿江大道 144 号建筑,British,英租界,Window,窗11.png,3,W3,Rectilinear tendency,7.816541
WIN0559,B007,F019,沿江大道 144 号建筑,British,英租界,Window,窗12.png,3,W3,Rectilinear tendency,8.409208
WIN0560,B007,F019,沿江大道 144 号建筑,British,英租界,Window,窗2.png,1,W1,Arched/ornamented tendency,10.86857
WIN0561,B007,F019,沿江大道 144 号建筑,British,英租界,Window,窗3.png,1,W1,Arched/ornamented tendency,11.186023
WIN0562,B007,F019,沿江大道 144 号建筑,British,英租界,Window,窗4.png,1,W1,Arched/ornamented tendency,10.376279
WIN0563,B007,F019,沿江大道 144 号建筑,British,英租界,Window,窗5.png,1,W1,Arched/ornamented tendency,10.122786
WIN0564,B007,F019,沿江大道 144 号建筑,British,英租界,Window,窗6.png,1,W1,Arched/ornamented tendency,10.233281
WIN0565,B007,F019,沿江大道 144 号建筑,British,英租界,Window,窗7.png,3,W3,Rectilinear tendency,8.95688
WIN0566,B007,F019,沿江大道 144 号建筑,British,英租界,Window,窗8.png,3,W3,Rectilinear tendency,8.456853
WIN0567,B007,F019,沿江大道 144 号建筑,British,英租界,Window,窗9.png,3,W3,Rectilinear tendency,9.191932
WIN0568,B033,F020,汉口美国领事馆旧址,Russian,俄租界,Window,窗1.png,3,W3,Rectilinear tendency,9.013735
WIN0569,B033,F020,汉口美国领事馆旧址,Russian,俄租界,Window,窗10.png,2,W2,Horizontal-organization tendency,11.8594
WIN0570,B033,F020,汉口美国领事馆旧址,Russian,俄租界,Window,窗11.png,2,W2,Horizontal-organization tendency,10.250449
WIN0571,B033,F020,汉口美国领事馆旧址,Russian,俄租界,Window,窗12.png,2,W2,Horizontal-organization tendency,10.736949
WIN0572,B033,F020,汉口美国领事馆旧址,Russian,俄租界,Window,窗13.png,2,W2,Horizontal-organization tendency,8.629254
WIN0573,B033,F020,汉口美国领事馆旧址,Russian,俄租界,Window,窗14.png,3,W3,Rectilinear tendency,6.555576
WIN0574,B033,F020,汉口美国领事馆旧址,Russian,俄租界,Window,窗15.png,3,W3,Rectilinear tendency,6.2090735
WIN0575,B033,F020,汉口美国领事馆旧址,Russian,俄租界,Window,窗16.png,3,W3,Rectilinear tendency,7.4995832
WIN0576,B033,F020,汉口美国领事馆旧址,Russian,俄租界,Window,窗17.png,3,W3,Rectilinear tendency,8.171207
WIN0577,B033,F020,汉口美国领事馆旧址,Russian,俄租界,Window,窗18.png,3,W3,Rectilinear tendency,8.483985
WIN0578,B033,F020,汉口美国领事馆旧址,Russian,俄租界,Window,窗19.png,3,W3,Rectilinear tendency,6.5937467
WIN0579,B033,F020,汉口美国领事馆旧址,Russian,俄租界,Window,窗2.png,3,W3,Rectilinear tendency,7.610074
WIN0580,B033,F020,汉口美国领事馆旧址,Russian,俄租界,Window,窗20.png,3,W3,Rectilinear tendency,7.1546273
WIN0581,B033,F020,汉口美国领事馆旧址,Russian,俄租界,Window,窗21.png,3,W3,Rectilinear tendency,7.7429404
WIN0582,B033,F020,汉口美国领事馆旧址,Russian,俄租界,Window,窗22.png,3,W3,Rectilinear tendency,8.480909
WIN0583,B033,F020,汉口美国领事馆旧址,Russian,俄租界,Window,窗23.png,3,W3,Rectilinear tendency,10.008002
WIN0584,B033,F020,汉口美国领事馆旧址,Russian,俄租界,Window,窗24.png,3,W3,Rectilinear tendency,8.330026
WIN0585,B033,F020,汉口美国领事馆旧址,Russian,俄租界,Window,窗25.png,3,W3,Rectilinear tendency,6.8124595
WIN0586,B033,F020,汉口美国领事馆旧址,Russian,俄租界,Window,窗26.png,3,W3,Rectilinear tendency,7.10557
WIN0587,B033,F020,汉口美国领事馆旧址,Russian,俄租界,Window,窗27.png,3,W3,Rectilinear tendency,8.673409
WIN0588,B033,F020,汉口美国领事馆旧址,Russian,俄租界,Window,窗28.png,3,W3,Rectilinear tendency,7.543293
WIN0589,B033,F020,汉口美国领事馆旧址,Russian,俄租界,Window,窗29.png,3,W3,Rectilinear tendency,8.344457
WIN0590,B033,F020,汉口美国领事馆旧址,Russian,俄租界,Window,窗3.png,3,W3,Rectilinear tendency,8.446508
WIN0591,B033,F020,汉口美国领事馆旧址,Russian,俄租界,Window,窗30.png,3,W3,Rectilinear tendency,7.9705386
WIN0592,B033,F020,汉口美国领事馆旧址,Russian,俄租界,Window,窗31.png,3,W3,Rectilinear tendency,7.811215
WIN0593,B033,F020,汉口美国领事馆旧址,Russian,俄租界,Window,窗32.png,3,W3,Rectilinear tendency,7.357297
WIN0594,B033,F020,汉口美国领事馆旧址,Russian,俄租界,Window,窗33.png,2,W2,Horizontal-organization tendency,13.008197
WIN0595,B033,F020,汉口美国领事馆旧址,Russian,俄租界,Window,窗34.png,2,W2,Horizontal-organization tendency,12.750795
WIN0596,B033,F020,汉口美国领事馆旧址,Russian,俄租界,Window,窗35.png,3,W3,Rectilinear tendency,9.127442
WIN0597,B033,F020,汉口美国领事馆旧址,Russian,俄租界,Window,窗36.png,3,W3,Rectilinear tendency,6.7874475
WIN0598,B033,F020,汉口美国领事馆旧址,Russian,俄租界,Window,窗37.png,3,W3,Rectilinear tendency,7.4467893
WIN0599,B033,F020,汉口美国领事馆旧址,Russian,俄租界,Window,窗38.png,3,W3,Rectilinear tendency,7.659324
WIN0600,B033,F020,汉口美国领事馆旧址,Russian,俄租界,Window,窗39.png,2,W2,Horizontal-organization tendency,15.589084
WIN0601,B033,F020,汉口美国领事馆旧址,Russian,俄租界,Window,窗4.png,3,W3,Rectilinear tendency,7.021266
WIN0602,B033,F020,汉口美国领事馆旧址,Russian,俄租界,Window,窗40.png,2,W2,Horizontal-organization tendency,13.846829
WIN0603,B033,F020,汉口美国领事馆旧址,Russian,俄租界,Window,窗41.png,3,W3,Rectilinear tendency,7.102653
WIN0604,B033,F020,汉口美国领事馆旧址,Russian,俄租界,Window,窗42.png,3,W3,Rectilinear tendency,8.409628
WIN0605,B033,F020,汉口美国领事馆旧址,Russian,俄租界,Window,窗43.png,3,W3,Rectilinear tendency,8.3074465
WIN0606,B033,F020,汉口美国领事馆旧址,Russian,俄租界,Window,窗44.png,3,W3,Rectilinear tendency,8.767768
WIN0607,B033,F020,汉口美国领事馆旧址,Russian,俄租界,Window,窗45.png,3,W3,Rectilinear tendency,5.6824183
WIN0608,B033,F020,汉口美国领事馆旧址,Russian,俄租界,Window,窗46.png,3,W3,Rectilinear tendency,6.594394
WIN0609,B033,F020,汉口美国领事馆旧址,Russian,俄租界,Window,窗47.png,3,W3,Rectilinear tendency,8.321409
WIN0610,B033,F020,汉口美国领事馆旧址,Russian,俄租界,Window,窗48.png,3,W3,Rectilinear tendency,7.943815
WIN0611,B033,F020,汉口美国领事馆旧址,Russian,俄租界,Window,窗49.png,3,W3,Rectilinear tendency,7.951907
WIN0612,B033,F020,汉口美国领事馆旧址,Russian,俄租界,Window,窗5.png,3,W3,Rectilinear tendency,7.010207
WIN0613,B033,F020,汉口美国领事馆旧址,Russian,俄租界,Window,窗50.png,3,W3,Rectilinear tendency,7.797028
WIN0614,B033,F020,汉口美国领事馆旧址,Russian,俄租界,Window,窗51.png,3,W3,Rectilinear tendency,9.398432
WIN0615,B033,F020,汉口美国领事馆旧址,Russian,俄租界,Window,窗52.png,3,W3,Rectilinear tendency,9.133901
WIN0616,B033,F020,汉口美国领事馆旧址,Russian,俄租界,Window,窗53.png,3,W3,Rectilinear tendency,8.697845
WIN0617,B033,F020,汉口美国领事馆旧址,Russian,俄租界,Window,窗54.png,3,W3,Rectilinear tendency,7.826313
WIN0618,B033,F020,汉口美国领事馆旧址,Russian,俄租界,Window,窗55.png,3,W3,Rectilinear tendency,6.807213
WIN0619,B033,F020,汉口美国领事馆旧址,Russian,俄租界,Window,窗56.png,3,W3,Rectilinear tendency,8.957184
WIN0620,B033,F020,汉口美国领事馆旧址,Russian,俄租界,Window,窗57.png,3,W3,Rectilinear tendency,7.9502435
WIN0621,B033,F020,汉口美国领事馆旧址,Russian,俄租界,Window,窗58.png,3,W3,Rectilinear tendency,8.0719385
WIN0622,B033,F020,汉口美国领事馆旧址,Russian,俄租界,Window,窗59.png,3,W3,Rectilinear tendency,7.589224
WIN0623,B033,F020,汉口美国领事馆旧址,Russian,俄租界,Window,窗6.png,3,W3,Rectilinear tendency,8.221342
WIN0624,B033,F020,汉口美国领事馆旧址,Russian,俄租界,Window,窗60.png,3,W3,Rectilinear tendency,8.263294
WIN0625,B033,F020,汉口美国领事馆旧址,Russian,俄租界,Window,窗61.png,3,W3,Rectilinear tendency,8.141064
WIN0626,B033,F020,汉口美国领事馆旧址,Russian,俄租界,Window,窗62.png,3,W3,Rectilinear tendency,8.217125
WIN0627,B033,F020,汉口美国领事馆旧址,Russian,俄租界,Window,窗63.png,3,W3,Rectilinear tendency,9.772523
WIN0628,B033,F020,汉口美国领事馆旧址,Russian,俄租界,Window,窗64.png,3,W3,Rectilinear tendency,8.285876
WIN0629,B033,F020,汉口美国领事馆旧址,Russian,俄租界,Window,窗65.png,3,W3,Rectilinear tendency,7.9731627
WIN0630,B033,F020,汉口美国领事馆旧址,Russian,俄租界,Window,窗66.png,3,W3,Rectilinear tendency,8.264742
WIN0631,B033,F020,汉口美国领事馆旧址,Russian,俄租界,Window,窗67.png,3,W3,Rectilinear tendency,7.363568
WIN0632,B033,F020,汉口美国领事馆旧址,Russian,俄租界,Window,窗68.png,3,W3,Rectilinear tendency,9.586835
WIN0633,B033,F020,汉口美国领事馆旧址,Russian,俄租界,Window,窗69.png,2,W2,Horizontal-organization tendency,13.712417
WIN0634,B033,F020,汉口美国领事馆旧址,Russian,俄租界,Window,窗7.png,3,W3,Rectilinear tendency,8.367747
WIN0635,B033,F020,汉口美国领事馆旧址,Russian,俄租界,Window,窗70.png,3,W3,Rectilinear tendency,14.564453
WIN0636,B033,F020,汉口美国领事馆旧址,Russian,俄租界,Window,窗71.png,2,W2,Horizontal-organization tendency,15.837176
WIN0637,B033,F020,汉口美国领事馆旧址,Russian,俄租界,Window,窗72.png,2,W2,Horizontal-organization tendency,14.428209
WIN0638,B033,F020,汉口美国领事馆旧址,Russian,俄租界,Window,窗73.png,2,W2,Horizontal-organization tendency,15.283892
WIN0639,B033,F020,汉口美国领事馆旧址,Russian,俄租界,Window,窗74.png,3,W3,Rectilinear tendency,13.685929
WIN0640,B033,F020,汉口美国领事馆旧址,Russian,俄租界,Window,窗75.png,2,W2,Horizontal-organization tendency,14.178422
WIN0641,B033,F020,汉口美国领事馆旧址,Russian,俄租界,Window,窗76.png,2,W2,Horizontal-organization tendency,15.072434
WIN0642,B033,F020,汉口美国领事馆旧址,Russian,俄租界,Window,窗77.png,2,W2,Horizontal-organization tendency,15.607142
WIN0643,B033,F020,汉口美国领事馆旧址,Russian,俄租界,Window,窗78.png,2,W2,Horizontal-organization tendency,12.624341
WIN0644,B033,F020,汉口美国领事馆旧址,Russian,俄租界,Window,窗8.png,3,W3,Rectilinear tendency,7.1995587
WIN0645,B033,F020,汉口美国领事馆旧址,Russian,俄租界,Window,窗9.png,2,W2,Horizontal-organization tendency,14.313982
WIN0646,B025,F021,高氏老宅,Russian,俄租界,Window,窗1.png,1,W1,Arched/ornamented tendency,11.668182
WIN0647,B025,F021,高氏老宅,Russian,俄租界,Window,窗10.png,1,W1,Arched/ornamented tendency,11.0429945
WIN0648,B025,F021,高氏老宅,Russian,俄租界,Window,窗11.png,1,W1,Arched/ornamented tendency,9.648081
WIN0649,B025,F021,高氏老宅,Russian,俄租界,Window,窗12.png,1,W1,Arched/ornamented tendency,8.829297
WIN0650,B025,F021,高氏老宅,Russian,俄租界,Window,窗13.png,1,W1,Arched/ornamented tendency,11.123489
WIN0651,B025,F021,高氏老宅,Russian,俄租界,Window,窗14.png,1,W1,Arched/ornamented tendency,9.232017
WIN0652,B025,F021,高氏老宅,Russian,俄租界,Window,窗15.png,1,W1,Arched/ornamented tendency,10.297036
WIN0653,B025,F021,高氏老宅,Russian,俄租界,Window,窗16.png,1,W1,Arched/ornamented tendency,10.141104
WIN0654,B025,F021,高氏老宅,Russian,俄租界,Window,窗17.png,1,W1,Arched/ornamented tendency,9.265255
WIN0655,B025,F021,高氏老宅,Russian,俄租界,Window,窗18.png,1,W1,Arched/ornamented tendency,10.527332
WIN0656,B025,F021,高氏老宅,Russian,俄租界,Window,窗19.png,1,W1,Arched/ornamented tendency,8.715497
WIN0657,B025,F021,高氏老宅,Russian,俄租界,Window,窗2.png,1,W1,Arched/ornamented tendency,11.016299
WIN0658,B025,F021,高氏老宅,Russian,俄租界,Window,窗20.png,1,W1,Arched/ornamented tendency,9.876186
WIN0659,B025,F021,高氏老宅,Russian,俄租界,Window,窗21.png,1,W1,Arched/ornamented tendency,7.9352612
WIN0660,B025,F021,高氏老宅,Russian,俄租界,Window,窗22.png,1,W1,Arched/ornamented tendency,12.340489
WIN0661,B025,F021,高氏老宅,Russian,俄租界,Window,窗23.png,1,W1,Arched/ornamented tendency,11.931854
WIN0662,B025,F021,高氏老宅,Russian,俄租界,Window,窗24.png,3,W3,Rectilinear tendency,8.709614
WIN0663,B025,F021,高氏老宅,Russian,俄租界,Window,窗25.png,3,W3,Rectilinear tendency,8.764959
WIN0664,B025,F021,高氏老宅,Russian,俄租界,Window,窗26.png,1,W1,Arched/ornamented tendency,13.809775
WIN0665,B025,F021,高氏老宅,Russian,俄租界,Window,窗27.png,1,W1,Arched/ornamented tendency,12.027827
WIN0666,B025,F021,高氏老宅,Russian,俄租界,Window,窗3.png,1,W1,Arched/ornamented tendency,9.677235
WIN0667,B025,F021,高氏老宅,Russian,俄租界,Window,窗4.png,1,W1,Arched/ornamented tendency,11.275916
WIN0668,B025,F021,高氏老宅,Russian,俄租界,Window,窗5.png,1,W1,Arched/ornamented tendency,8.760278
WIN0669,B025,F021,高氏老宅,Russian,俄租界,Window,窗6.png,1,W1,Arched/ornamented tendency,12.3779955
WIN0670,B025,F021,高氏老宅,Russian,俄租界,Window,窗7.png,1,W1,Arched/ornamented tendency,8.966144
WIN0671,B025,F021,高氏老宅,Russian,俄租界,Window,窗8.png,1,W1,Arched/ornamented tendency,11.16815
WIN0672,B025,F021,高氏老宅,Russian,俄租界,Window,窗9.png,1,W1,Arched/ornamented tendency,10.846383
WIN0673,B030,F022,东方汇理银行汉口支行旧址,Russian,俄租界,Window,窗1.png,2,W2,Horizontal-organization tendency,12.037762
WIN0674,B030,F022,东方汇理银行汉口支行旧址,Russian,俄租界,Window,窗10.png,2,W2,Horizontal-organization tendency,13.591182
WIN0675,B030,F022,东方汇理银行汉口支行旧址,Russian,俄租界,Window,窗100.png,2,W2,Horizontal-organization tendency,12.367805
WIN0676,B030,F022,东方汇理银行汉口支行旧址,Russian,俄租界,Window,窗101.png,2,W2,Horizontal-organization tendency,11.806047
WIN0677,B030,F022,东方汇理银行汉口支行旧址,Russian,俄租界,Window,窗102.png,2,W2,Horizontal-organization tendency,11.400812
WIN0678,B030,F022,东方汇理银行汉口支行旧址,Russian,俄租界,Window,窗103.png,2,W2,Horizontal-organization tendency,13.035431
WIN0679,B030,F022,东方汇理银行汉口支行旧址,Russian,俄租界,Window,窗104.png,2,W2,Horizontal-organization tendency,11.412582
WIN0680,B030,F022,东方汇理银行汉口支行旧址,Russian,俄租界,Window,窗105.png,2,W2,Horizontal-organization tendency,9.684765
WIN0681,B030,F022,东方汇理银行汉口支行旧址,Russian,俄租界,Window,窗106.png,2,W2,Horizontal-organization tendency,9.231922
WIN0682,B030,F022,东方汇理银行汉口支行旧址,Russian,俄租界,Window,窗107.png,2,W2,Horizontal-organization tendency,11.190769
WIN0683,B030,F022,东方汇理银行汉口支行旧址,Russian,俄租界,Window,窗108.png,2,W2,Horizontal-organization tendency,9.645748
WIN0684,B030,F022,东方汇理银行汉口支行旧址,Russian,俄租界,Window,窗109.png,2,W2,Horizontal-organization tendency,8.844858
WIN0685,B030,F022,东方汇理银行汉口支行旧址,Russian,俄租界,Window,窗11.png,2,W2,Horizontal-organization tendency,16.74416
WIN0686,B030,F022,东方汇理银行汉口支行旧址,Russian,俄租界,Window,窗110.png,2,W2,Horizontal-organization tendency,11.304242
WIN0687,B030,F022,东方汇理银行汉口支行旧址,Russian,俄租界,Window,窗111.png,2,W2,Horizontal-organization tendency,9.29252
WIN0688,B030,F022,东方汇理银行汉口支行旧址,Russian,俄租界,Window,窗112.png,2,W2,Horizontal-organization tendency,7.574679
WIN0689,B030,F022,东方汇理银行汉口支行旧址,Russian,俄租界,Window,窗113.png,3,W3,Rectilinear tendency,11.258705
WIN0690,B030,F022,东方汇理银行汉口支行旧址,Russian,俄租界,Window,窗114.png,3,W3,Rectilinear tendency,11.12638
WIN0691,B030,F022,东方汇理银行汉口支行旧址,Russian,俄租界,Window,窗115.png,2,W2,Horizontal-organization tendency,10.941346
WIN0692,B030,F022,东方汇理银行汉口支行旧址,Russian,俄租界,Window,窗116.png,3,W3,Rectilinear tendency,11.62305
WIN0693,B030,F022,东方汇理银行汉口支行旧址,Russian,俄租界,Window,窗117.png,3,W3,Rectilinear tendency,12.700457
WIN0694,B030,F022,东方汇理银行汉口支行旧址,Russian,俄租界,Window,窗118.png,3,W3,Rectilinear tendency,8.510353
WIN0695,B030,F022,东方汇理银行汉口支行旧址,Russian,俄租界,Window,窗12.png,2,W2,Horizontal-organization tendency,15.166992
WIN0696,B030,F022,东方汇理银行汉口支行旧址,Russian,俄租界,Window,窗13.png,2,W2,Horizontal-organization tendency,14.041223
WIN0697,B030,F022,东方汇理银行汉口支行旧址,Russian,俄租界,Window,窗14.png,2,W2,Horizontal-organization tendency,11.794423
WIN0698,B030,F022,东方汇理银行汉口支行旧址,Russian,俄租界,Window,窗15.png,2,W2,Horizontal-organization tendency,10.894842
WIN0699,B030,F022,东方汇理银行汉口支行旧址,Russian,俄租界,Window,窗16.png,2,W2,Horizontal-organization tendency,10.874332
WIN0700,B030,F022,东方汇理银行汉口支行旧址,Russian,俄租界,Window,窗17.png,2,W2,Horizontal-organization tendency,13.0736
WIN0701,B030,F022,东方汇理银行汉口支行旧址,Russian,俄租界,Window,窗18.png,2,W2,Horizontal-organization tendency,12.850326
WIN0702,B030,F022,东方汇理银行汉口支行旧址,Russian,俄租界,Window,窗19.png,2,W2,Horizontal-organization tendency,10.472399
WIN0703,B030,F022,东方汇理银行汉口支行旧址,Russian,俄租界,Window,窗2.png,2,W2,Horizontal-organization tendency,11.427228
WIN0704,B030,F022,东方汇理银行汉口支行旧址,Russian,俄租界,Window,窗20.png,2,W2,Horizontal-organization tendency,11.1879
WIN0705,B030,F022,东方汇理银行汉口支行旧址,Russian,俄租界,Window,窗21.png,2,W2,Horizontal-organization tendency,11.366258
WIN0706,B030,F022,东方汇理银行汉口支行旧址,Russian,俄租界,Window,窗22.png,2,W2,Horizontal-organization tendency,11.599002
WIN0707,B030,F022,东方汇理银行汉口支行旧址,Russian,俄租界,Window,窗23.png,2,W2,Horizontal-organization tendency,11.01135
WIN0708,B030,F022,东方汇理银行汉口支行旧址,Russian,俄租界,Window,窗24.png,2,W2,Horizontal-organization tendency,10.146305
WIN0709,B030,F022,东方汇理银行汉口支行旧址,Russian,俄租界,Window,窗25.png,2,W2,Horizontal-organization tendency,10.63933
WIN0710,B030,F022,东方汇理银行汉口支行旧址,Russian,俄租界,Window,窗26.png,2,W2,Horizontal-organization tendency,11.442621
WIN0711,B030,F022,东方汇理银行汉口支行旧址,Russian,俄租界,Window,窗27.png,2,W2,Horizontal-organization tendency,10.50696
WIN0712,B030,F022,东方汇理银行汉口支行旧址,Russian,俄租界,Window,窗28.png,2,W2,Horizontal-organization tendency,10.29214
WIN0713,B030,F022,东方汇理银行汉口支行旧址,Russian,俄租界,Window,窗29.png,2,W2,Horizontal-organization tendency,13.535248
WIN0714,B030,F022,东方汇理银行汉口支行旧址,Russian,俄租界,Window,窗3.png,2,W2,Horizontal-organization tendency,12.381089
WIN0715,B030,F022,东方汇理银行汉口支行旧址,Russian,俄租界,Window,窗30.png,2,W2,Horizontal-organization tendency,11.798116
WIN0716,B030,F022,东方汇理银行汉口支行旧址,Russian,俄租界,Window,窗31.png,2,W2,Horizontal-organization tendency,10.447497
WIN0717,B030,F022,东方汇理银行汉口支行旧址,Russian,俄租界,Window,窗32.png,2,W2,Horizontal-organization tendency,9.1244335
WIN0718,B030,F022,东方汇理银行汉口支行旧址,Russian,俄租界,Window,窗33.png,2,W2,Horizontal-organization tendency,9.699989
WIN0719,B030,F022,东方汇理银行汉口支行旧址,Russian,俄租界,Window,窗34.png,2,W2,Horizontal-organization tendency,11.593392
WIN0720,B030,F022,东方汇理银行汉口支行旧址,Russian,俄租界,Window,窗35.png,2,W2,Horizontal-organization tendency,9.008
WIN0721,B030,F022,东方汇理银行汉口支行旧址,Russian,俄租界,Window,窗36.png,2,W2,Horizontal-organization tendency,9.601834
WIN0722,B030,F022,东方汇理银行汉口支行旧址,Russian,俄租界,Window,窗37.png,2,W2,Horizontal-organization tendency,9.450183
WIN0723,B030,F022,东方汇理银行汉口支行旧址,Russian,俄租界,Window,窗38.png,2,W2,Horizontal-organization tendency,8.623732
WIN0724,B030,F022,东方汇理银行汉口支行旧址,Russian,俄租界,Window,窗39.png,2,W2,Horizontal-organization tendency,8.478883
WIN0725,B030,F022,东方汇理银行汉口支行旧址,Russian,俄租界,Window,窗4.png,2,W2,Horizontal-organization tendency,12.075296
WIN0726,B030,F022,东方汇理银行汉口支行旧址,Russian,俄租界,Window,窗40.png,2,W2,Horizontal-organization tendency,8.010594
WIN0727,B030,F022,东方汇理银行汉口支行旧址,Russian,俄租界,Window,窗41.png,2,W2,Horizontal-organization tendency,9.457214
WIN0728,B030,F022,东方汇理银行汉口支行旧址,Russian,俄租界,Window,窗42.png,2,W2,Horizontal-organization tendency,8.632276
WIN0729,B030,F022,东方汇理银行汉口支行旧址,Russian,俄租界,Window,窗43.png,2,W2,Horizontal-organization tendency,10.548725
WIN0730,B030,F022,东方汇理银行汉口支行旧址,Russian,俄租界,Window,窗44.png,2,W2,Horizontal-organization tendency,9.423442
WIN0731,B030,F022,东方汇理银行汉口支行旧址,Russian,俄租界,Window,窗45.png,2,W2,Horizontal-organization tendency,8.292905
WIN0732,B030,F022,东方汇理银行汉口支行旧址,Russian,俄租界,Window,窗46.png,2,W2,Horizontal-organization tendency,9.30532
WIN0733,B030,F022,东方汇理银行汉口支行旧址,Russian,俄租界,Window,窗47.png,2,W2,Horizontal-organization tendency,9.118371
WIN0734,B030,F022,东方汇理银行汉口支行旧址,Russian,俄租界,Window,窗48.png,2,W2,Horizontal-organization tendency,9.808957
WIN0735,B030,F022,东方汇理银行汉口支行旧址,Russian,俄租界,Window,窗49.png,2,W2,Horizontal-organization tendency,9.090088
WIN0736,B030,F022,东方汇理银行汉口支行旧址,Russian,俄租界,Window,窗5.png,2,W2,Horizontal-organization tendency,13.160911
WIN0737,B030,F022,东方汇理银行汉口支行旧址,Russian,俄租界,Window,窗50.png,2,W2,Horizontal-organization tendency,7.0785975
WIN0738,B030,F022,东方汇理银行汉口支行旧址,Russian,俄租界,Window,窗51.png,2,W2,Horizontal-organization tendency,9.62398
WIN0739,B030,F022,东方汇理银行汉口支行旧址,Russian,俄租界,Window,窗52.png,2,W2,Horizontal-organization tendency,10.449885
WIN0740,B030,F022,东方汇理银行汉口支行旧址,Russian,俄租界,Window,窗53.png,2,W2,Horizontal-organization tendency,8.106004
WIN0741,B030,F022,东方汇理银行汉口支行旧址,Russian,俄租界,Window,窗54.png,2,W2,Horizontal-organization tendency,8.114682
WIN0742,B030,F022,东方汇理银行汉口支行旧址,Russian,俄租界,Window,窗55.png,2,W2,Horizontal-organization tendency,9.775008
WIN0743,B030,F022,东方汇理银行汉口支行旧址,Russian,俄租界,Window,窗56.png,2,W2,Horizontal-organization tendency,8.91715
WIN0744,B030,F022,东方汇理银行汉口支行旧址,Russian,俄租界,Window,窗57.png,2,W2,Horizontal-organization tendency,7.445999
WIN0745,B030,F022,东方汇理银行汉口支行旧址,Russian,俄租界,Window,窗58.png,2,W2,Horizontal-organization tendency,9.671152
WIN0746,B030,F022,东方汇理银行汉口支行旧址,Russian,俄租界,Window,窗59.png,2,W2,Horizontal-organization tendency,9.767204
WIN0747,B030,F022,东方汇理银行汉口支行旧址,Russian,俄租界,Window,窗6.png,2,W2,Horizontal-organization tendency,15.611761
WIN0748,B030,F022,东方汇理银行汉口支行旧址,Russian,俄租界,Window,窗60.png,2,W2,Horizontal-organization tendency,9.582947
WIN0749,B030,F022,东方汇理银行汉口支行旧址,Russian,俄租界,Window,窗61.png,2,W2,Horizontal-organization tendency,9.899925
WIN0750,B030,F022,东方汇理银行汉口支行旧址,Russian,俄租界,Window,窗62.png,2,W2,Horizontal-organization tendency,10.187992
WIN0751,B030,F022,东方汇理银行汉口支行旧址,Russian,俄租界,Window,窗63.png,2,W2,Horizontal-organization tendency,8.800143
WIN0752,B030,F022,东方汇理银行汉口支行旧址,Russian,俄租界,Window,窗64.png,2,W2,Horizontal-organization tendency,10.308262
WIN0753,B030,F022,东方汇理银行汉口支行旧址,Russian,俄租界,Window,窗65.png,2,W2,Horizontal-organization tendency,8.604283
WIN0754,B030,F022,东方汇理银行汉口支行旧址,Russian,俄租界,Window,窗66.png,2,W2,Horizontal-organization tendency,11.249924
WIN0755,B030,F022,东方汇理银行汉口支行旧址,Russian,俄租界,Window,窗67.png,2,W2,Horizontal-organization tendency,8.654909
WIN0756,B030,F022,东方汇理银行汉口支行旧址,Russian,俄租界,Window,窗68.png,2,W2,Horizontal-organization tendency,9.294656
WIN0757,B030,F022,东方汇理银行汉口支行旧址,Russian,俄租界,Window,窗69.png,2,W2,Horizontal-organization tendency,7.680407
WIN0758,B030,F022,东方汇理银行汉口支行旧址,Russian,俄租界,Window,窗7.png,2,W2,Horizontal-organization tendency,11.118313
WIN0759,B030,F022,东方汇理银行汉口支行旧址,Russian,俄租界,Window,窗70.png,2,W2,Horizontal-organization tendency,8.084476
WIN0760,B030,F022,东方汇理银行汉口支行旧址,Russian,俄租界,Window,窗71.png,2,W2,Horizontal-organization tendency,8.848744
WIN0761,B030,F022,东方汇理银行汉口支行旧址,Russian,俄租界,Window,窗72.png,2,W2,Horizontal-organization tendency,7.543892
WIN0762,B030,F022,东方汇理银行汉口支行旧址,Russian,俄租界,Window,窗73.png,2,W2,Horizontal-organization tendency,10.199601
WIN0763,B030,F022,东方汇理银行汉口支行旧址,Russian,俄租界,Window,窗74.png,2,W2,Horizontal-organization tendency,9.015625
WIN0764,B030,F022,东方汇理银行汉口支行旧址,Russian,俄租界,Window,窗75.png,2,W2,Horizontal-organization tendency,9.731566
WIN0765,B030,F022,东方汇理银行汉口支行旧址,Russian,俄租界,Window,窗76.png,2,W2,Horizontal-organization tendency,8.698332
WIN0766,B030,F022,东方汇理银行汉口支行旧址,Russian,俄租界,Window,窗77.png,2,W2,Horizontal-organization tendency,7.456174
WIN0767,B030,F022,东方汇理银行汉口支行旧址,Russian,俄租界,Window,窗78.png,2,W2,Horizontal-organization tendency,10.255142
WIN0768,B030,F022,东方汇理银行汉口支行旧址,Russian,俄租界,Window,窗79.png,2,W2,Horizontal-organization tendency,11.94499
WIN0769,B030,F022,东方汇理银行汉口支行旧址,Russian,俄租界,Window,窗8.png,2,W2,Horizontal-organization tendency,13.909195
WIN0770,B030,F022,东方汇理银行汉口支行旧址,Russian,俄租界,Window,窗80.png,2,W2,Horizontal-organization tendency,13.130465
WIN0771,B030,F022,东方汇理银行汉口支行旧址,Russian,俄租界,Window,窗81.png,2,W2,Horizontal-organization tendency,12.106738
WIN0772,B030,F022,东方汇理银行汉口支行旧址,Russian,俄租界,Window,窗82.png,2,W2,Horizontal-organization tendency,11.34682
WIN0773,B030,F022,东方汇理银行汉口支行旧址,Russian,俄租界,Window,窗83.png,2,W2,Horizontal-organization tendency,10.766376
WIN0774,B030,F022,东方汇理银行汉口支行旧址,Russian,俄租界,Window,窗84.png,2,W2,Horizontal-organization tendency,8.85462
WIN0775,B030,F022,东方汇理银行汉口支行旧址,Russian,俄租界,Window,窗85.png,2,W2,Horizontal-organization tendency,13.056163
WIN0776,B030,F022,东方汇理银行汉口支行旧址,Russian,俄租界,Window,窗86.png,2,W2,Horizontal-organization tendency,12.507798
WIN0777,B030,F022,东方汇理银行汉口支行旧址,Russian,俄租界,Window,窗87.png,2,W2,Horizontal-organization tendency,11.815379
WIN0778,B030,F022,东方汇理银行汉口支行旧址,Russian,俄租界,Window,窗88.png,2,W2,Horizontal-organization tendency,13.035122
WIN0779,B030,F022,东方汇理银行汉口支行旧址,Russian,俄租界,Window,窗89.png,2,W2,Horizontal-organization tendency,12.433284
WIN0780,B030,F022,东方汇理银行汉口支行旧址,Russian,俄租界,Window,窗9.png,2,W2,Horizontal-organization tendency,14.559771
WIN0781,B030,F022,东方汇理银行汉口支行旧址,Russian,俄租界,Window,窗90.png,2,W2,Horizontal-organization tendency,12.290115
WIN0782,B030,F022,东方汇理银行汉口支行旧址,Russian,俄租界,Window,窗91.png,2,W2,Horizontal-organization tendency,8.552578
WIN0783,B030,F022,东方汇理银行汉口支行旧址,Russian,俄租界,Window,窗92.png,2,W2,Horizontal-organization tendency,15.270683
WIN0784,B030,F022,东方汇理银行汉口支行旧址,Russian,俄租界,Window,窗93.png,2,W2,Horizontal-organization tendency,15.381321
WIN0785,B030,F022,东方汇理银行汉口支行旧址,Russian,俄租界,Window,窗94.png,2,W2,Horizontal-organization tendency,12.834346
WIN0786,B030,F022,东方汇理银行汉口支行旧址,Russian,俄租界,Window,窗95.png,2,W2,Horizontal-organization tendency,13.19855
WIN0787,B030,F022,东方汇理银行汉口支行旧址,Russian,俄租界,Window,窗96.png,2,W2,Horizontal-organization tendency,14.251795
WIN0788,B030,F022,东方汇理银行汉口支行旧址,Russian,俄租界,Window,窗97.png,2,W2,Horizontal-organization tendency,11.110374
WIN0789,B030,F022,东方汇理银行汉口支行旧址,Russian,俄租界,Window,窗98.png,2,W2,Horizontal-organization tendency,8.768376
WIN0790,B030,F022,东方汇理银行汉口支行旧址,Russian,俄租界,Window,窗99.png,2,W2,Horizontal-organization tendency,12.607042
WIN0791,B029,F023,汉口俄国总领事馆大楼,Russian,俄租界,Window,窗1.png,3,W3,Rectilinear tendency,9.124297
WIN0792,B029,F023,汉口俄国总领事馆大楼,Russian,俄租界,Window,窗10.png,3,W3,Rectilinear tendency,13.715248
WIN0793,B029,F023,汉口俄国总领事馆大楼,Russian,俄租界,Window,窗2.png,3,W3,Rectilinear tendency,9.359754
WIN0794,B029,F023,汉口俄国总领事馆大楼,Russian,俄租界,Window,窗3.png,3,W3,Rectilinear tendency,9.96444
WIN0795,B029,F023,汉口俄国总领事馆大楼,Russian,俄租界,Window,窗4.png,3,W3,Rectilinear tendency,10.173782
WIN0796,B029,F023,汉口俄国总领事馆大楼,Russian,俄租界,Window,窗5.png,3,W3,Rectilinear tendency,11.519825
WIN0797,B029,F023,汉口俄国总领事馆大楼,Russian,俄租界,Window,窗6.png,1,W1,Arched/ornamented tendency,10.496388
WIN0798,B029,F023,汉口俄国总领事馆大楼,Russian,俄租界,Window,窗7.png,3,W3,Rectilinear tendency,11.982338
WIN0799,B029,F023,汉口俄国总领事馆大楼,Russian,俄租界,Window,窗8.png,3,W3,Rectilinear tendency,14.26186
WIN0800,B029,F023,汉口俄国总领事馆大楼,Russian,俄租界,Window,窗9.png,3,W3,Rectilinear tendency,14.562252
WIN0801,B029,F024,汉口俄国总领事馆大楼,Russian,俄租界,Window,窗1.png,3,W3,Rectilinear tendency,7.6843348
WIN0802,B029,F024,汉口俄国总领事馆大楼,Russian,俄租界,Window,窗10.png,3,W3,Rectilinear tendency,12.077496
WIN0803,B029,F024,汉口俄国总领事馆大楼,Russian,俄租界,Window,窗11.png,2,W2,Horizontal-organization tendency,13.349475
WIN0804,B029,F024,汉口俄国总领事馆大楼,Russian,俄租界,Window,窗2.png,3,W3,Rectilinear tendency,9.312638
WIN0805,B029,F024,汉口俄国总领事馆大楼,Russian,俄租界,Window,窗3.png,3,W3,Rectilinear tendency,9.935895
WIN0806,B029,F024,汉口俄国总领事馆大楼,Russian,俄租界,Window,窗4.png,3,W3,Rectilinear tendency,8.024137
WIN0807,B029,F024,汉口俄国总领事馆大楼,Russian,俄租界,Window,窗5.png,3,W3,Rectilinear tendency,10.105577
WIN0808,B029,F024,汉口俄国总领事馆大楼,Russian,俄租界,Window,窗6.png,3,W3,Rectilinear tendency,8.1199255
WIN0809,B029,F024,汉口俄国总领事馆大楼,Russian,俄租界,Window,窗7.png,3,W3,Rectilinear tendency,12.845712
WIN0810,B029,F024,汉口俄国总领事馆大楼,Russian,俄租界,Window,窗8.png,3,W3,Rectilinear tendency,14.679776
WIN0811,B029,F024,汉口俄国总领事馆大楼,Russian,俄租界,Window,窗9.png,3,W3,Rectilinear tendency,14.880676
WIN0812,B026,F025,沿江大道 163 号建筑,Russian,俄租界,Window,窗1.png,1,W1,Arched/ornamented tendency,8.114296
WIN0813,B026,F025,沿江大道 163 号建筑,Russian,俄租界,Window,窗10.png,1,W1,Arched/ornamented tendency,7.589905
WIN0814,B026,F025,沿江大道 163 号建筑,Russian,俄租界,Window,窗11.png,3,W3,Rectilinear tendency,9.692104
WIN0815,B026,F025,沿江大道 163 号建筑,Russian,俄租界,Window,窗12.png,1,W1,Arched/ornamented tendency,10.933184
WIN0816,B026,F025,沿江大道 163 号建筑,Russian,俄租界,Window,窗13.png,1,W1,Arched/ornamented tendency,11.282945
WIN0817,B026,F025,沿江大道 163 号建筑,Russian,俄租界,Window,窗14.png,1,W1,Arched/ornamented tendency,9.802911
WIN0818,B026,F025,沿江大道 163 号建筑,Russian,俄租界,Window,窗2.png,1,W1,Arched/ornamented tendency,8.351996
WIN0819,B026,F025,沿江大道 163 号建筑,Russian,俄租界,Window,窗3.png,1,W1,Arched/ornamented tendency,9.644282
WIN0820,B026,F025,沿江大道 163 号建筑,Russian,俄租界,Window,窗4.png,1,W1,Arched/ornamented tendency,8.44725
WIN0821,B026,F025,沿江大道 163 号建筑,Russian,俄租界,Window,窗5.png,1,W1,Arched/ornamented tendency,8.271826
WIN0822,B026,F025,沿江大道 163 号建筑,Russian,俄租界,Window,窗6.png,1,W1,Arched/ornamented tendency,8.458308
WIN0823,B026,F025,沿江大道 163 号建筑,Russian,俄租界,Window,窗7.png,1,W1,Arched/ornamented tendency,9.690912
WIN0824,B026,F025,沿江大道 163 号建筑,Russian,俄租界,Window,窗8.png,1,W1,Arched/ornamented tendency,8.7766905
WIN0825,B026,F025,沿江大道 163 号建筑,Russian,俄租界,Window,窗9.png,1,W1,Arched/ornamented tendency,9.604968
WIN0826,B027,F026,国营招商局汉口分局,Russian,俄租界,Window,窗1.png,3,W3,Rectilinear tendency,9.608053
WIN0827,B027,F026,国营招商局汉口分局,Russian,俄租界,Window,窗10.png,2,W2,Horizontal-organization tendency,10.690482
WIN0828,B027,F026,国营招商局汉口分局,Russian,俄租界,Window,窗11.png,2,W2,Horizontal-organization tendency,11.394951
WIN0829,B027,F026,国营招商局汉口分局,Russian,俄租界,Window,窗12.png,3,W3,Rectilinear tendency,9.643639
WIN0830,B027,F026,国营招商局汉口分局,Russian,俄租界,Window,窗13.png,3,W3,Rectilinear tendency,14.275243
WIN0831,B027,F026,国营招商局汉口分局,Russian,俄租界,Window,窗14.png,2,W2,Horizontal-organization tendency,9.718353
WIN0832,B027,F026,国营招商局汉口分局,Russian,俄租界,Window,窗15.png,2,W2,Horizontal-organization tendency,10.193671
WIN0833,B027,F026,国营招商局汉口分局,Russian,俄租界,Window,窗16.png,3,W3,Rectilinear tendency,8.823231
WIN0834,B027,F026,国营招商局汉口分局,Russian,俄租界,Window,窗17.png,2,W2,Horizontal-organization tendency,9.402693
WIN0835,B027,F026,国营招商局汉口分局,Russian,俄租界,Window,窗18.png,2,W2,Horizontal-organization tendency,12.745579
WIN0836,B027,F026,国营招商局汉口分局,Russian,俄租界,Window,窗19.png,2,W2,Horizontal-organization tendency,15.301055
WIN0837,B027,F026,国营招商局汉口分局,Russian,俄租界,Window,窗2.png,3,W3,Rectilinear tendency,11.564414
WIN0838,B027,F026,国营招商局汉口分局,Russian,俄租界,Window,窗20.png,2,W2,Horizontal-organization tendency,13.798701
WIN0839,B027,F026,国营招商局汉口分局,Russian,俄租界,Window,窗21.png,2,W2,Horizontal-organization tendency,15.760517
WIN0840,B027,F026,国营招商局汉口分局,Russian,俄租界,Window,窗22.png,2,W2,Horizontal-organization tendency,12.465053
WIN0841,B027,F026,国营招商局汉口分局,Russian,俄租界,Window,窗3.png,3,W3,Rectilinear tendency,10.01272
WIN0842,B027,F026,国营招商局汉口分局,Russian,俄租界,Window,窗4.png,2,W2,Horizontal-organization tendency,11.449852
WIN0843,B027,F026,国营招商局汉口分局,Russian,俄租界,Window,窗5.png,2,W2,Horizontal-organization tendency,10.340779
WIN0844,B027,F026,国营招商局汉口分局,Russian,俄租界,Window,窗6.png,2,W2,Horizontal-organization tendency,11.818094
WIN0845,B027,F026,国营招商局汉口分局,Russian,俄租界,Window,窗7.png,3,W3,Rectilinear tendency,10.805099
WIN0846,B027,F026,国营招商局汉口分局,Russian,俄租界,Window,窗8.png,3,W3,Rectilinear tendency,11.4662075
WIN0847,B027,F026,国营招商局汉口分局,Russian,俄租界,Window,窗9.png,2,W2,Horizontal-organization tendency,13.426002
WIN0848,B036,F027,武汉中共中央机关旧址纪念馆,Russian,俄租界,Window,窗1.png,1,W1,Arched/ornamented tendency,10.842095
WIN0849,B036,F027,武汉中共中央机关旧址纪念馆,Russian,俄租界,Window,窗10.png,3,W3,Rectilinear tendency,10.548724
WIN0850,B036,F027,武汉中共中央机关旧址纪念馆,Russian,俄租界,Window,窗2.png,1,W1,Arched/ornamented tendency,10.19321
WIN0851,B036,F027,武汉中共中央机关旧址纪念馆,Russian,俄租界,Window,窗3.png,3,W3,Rectilinear tendency,12.273927
WIN0852,B036,F027,武汉中共中央机关旧址纪念馆,Russian,俄租界,Window,窗4.png,3,W3,Rectilinear tendency,12.05165
WIN0853,B036,F027,武汉中共中央机关旧址纪念馆,Russian,俄租界,Window,窗5.png,3,W3,Rectilinear tendency,12.095595
WIN0854,B036,F027,武汉中共中央机关旧址纪念馆,Russian,俄租界,Window,窗6.png,3,W3,Rectilinear tendency,12.840861
WIN0855,B036,F027,武汉中共中央机关旧址纪念馆,Russian,俄租界,Window,窗7.png,3,W3,Rectilinear tendency,11.05949
WIN0856,B036,F027,武汉中共中央机关旧址纪念馆,Russian,俄租界,Window,窗8.png,3,W3,Rectilinear tendency,10.976988
WIN0857,B036,F027,武汉中共中央机关旧址纪念馆,Russian,俄租界,Window,窗9.png,3,W3,Rectilinear tendency,10.215067
WIN0858,B028,F028,三北轮船公司办公楼,Russian,俄租界,Window,窗1.png,2,W2,Horizontal-organization tendency,15.124597
WIN0859,B028,F028,三北轮船公司办公楼,Russian,俄租界,Window,窗10.png,3,W3,Rectilinear tendency,7.8286037
WIN0860,B028,F028,三北轮船公司办公楼,Russian,俄租界,Window,窗11.png,2,W2,Horizontal-organization tendency,11.784502
WIN0861,B028,F028,三北轮船公司办公楼,Russian,俄租界,Window,窗12.png,3,W3,Rectilinear tendency,8.735693
WIN0862,B028,F028,三北轮船公司办公楼,Russian,俄租界,Window,窗13.png,3,W3,Rectilinear tendency,10.203347
WIN0863,B028,F028,三北轮船公司办公楼,Russian,俄租界,Window,窗14.png,2,W2,Horizontal-organization tendency,10.705318
WIN0864,B028,F028,三北轮船公司办公楼,Russian,俄租界,Window,窗15.png,3,W3,Rectilinear tendency,12.475704
WIN0865,B028,F028,三北轮船公司办公楼,Russian,俄租界,Window,窗16.png,3,W3,Rectilinear tendency,6.437832
WIN0866,B028,F028,三北轮船公司办公楼,Russian,俄租界,Window,窗17.png,2,W2,Horizontal-organization tendency,10.828855
WIN0867,B028,F028,三北轮船公司办公楼,Russian,俄租界,Window,窗18.png,3,W3,Rectilinear tendency,8.974471
WIN0868,B028,F028,三北轮船公司办公楼,Russian,俄租界,Window,窗19.png,3,W3,Rectilinear tendency,8.974342
WIN0869,B028,F028,三北轮船公司办公楼,Russian,俄租界,Window,窗2.png,2,W2,Horizontal-organization tendency,10.816039
WIN0870,B028,F028,三北轮船公司办公楼,Russian,俄租界,Window,窗20.png,3,W3,Rectilinear tendency,8.586223
WIN0871,B028,F028,三北轮船公司办公楼,Russian,俄租界,Window,窗21.png,3,W3,Rectilinear tendency,8.970064
WIN0872,B028,F028,三北轮船公司办公楼,Russian,俄租界,Window,窗22.png,3,W3,Rectilinear tendency,8.460381
WIN0873,B028,F028,三北轮船公司办公楼,Russian,俄租界,Window,窗23.png,3,W3,Rectilinear tendency,8.926005
WIN0874,B028,F028,三北轮船公司办公楼,Russian,俄租界,Window,窗24.png,3,W3,Rectilinear tendency,8.263629
WIN0875,B028,F028,三北轮船公司办公楼,Russian,俄租界,Window,窗25.png,3,W3,Rectilinear tendency,12.176273
WIN0876,B028,F028,三北轮船公司办公楼,Russian,俄租界,Window,窗26.png,2,W2,Horizontal-organization tendency,11.281361
WIN0877,B028,F028,三北轮船公司办公楼,Russian,俄租界,Window,窗27.png,2,W2,Horizontal-organization tendency,11.801728
WIN0878,B028,F028,三北轮船公司办公楼,Russian,俄租界,Window,窗28.png,3,W3,Rectilinear tendency,12.8819
WIN0879,B028,F028,三北轮船公司办公楼,Russian,俄租界,Window,窗29.png,2,W2,Horizontal-organization tendency,12.7243395
WIN0880,B028,F028,三北轮船公司办公楼,Russian,俄租界,Window,窗3.png,2,W2,Horizontal-organization tendency,11.409771
WIN0881,B028,F028,三北轮船公司办公楼,Russian,俄租界,Window,窗4.png,2,W2,Horizontal-organization tendency,10.754936
WIN0882,B028,F028,三北轮船公司办公楼,Russian,俄租界,Window,窗5.png,2,W2,Horizontal-organization tendency,13.153462
WIN0883,B028,F028,三北轮船公司办公楼,Russian,俄租界,Window,窗6.png,2,W2,Horizontal-organization tendency,8.8360195
WIN0884,B028,F028,三北轮船公司办公楼,Russian,俄租界,Window,窗7.png,3,W3,Rectilinear tendency,9.715549
WIN0885,B028,F028,三北轮船公司办公楼,Russian,俄租界,Window,窗8.png,3,W3,Rectilinear tendency,8.106727
WIN0886,B028,F028,三北轮船公司办公楼,Russian,俄租界,Window,窗9.png,3,W3,Rectilinear tendency,8.431244
WIN0887,B022,F029,怡和洋行住宅,Russian,俄租界,Window,窗1.png,3,W3,Rectilinear tendency,8.3418255
WIN0888,B022,F029,怡和洋行住宅,Russian,俄租界,Window,窗2.png,3,W3,Rectilinear tendency,10.657246
WIN0889,B022,F029,怡和洋行住宅,Russian,俄租界,Window,窗3.png,3,W3,Rectilinear tendency,11.027684
WIN0890,B022,F029,怡和洋行住宅,Russian,俄租界,Window,窗4.png,3,W3,Rectilinear tendency,8.853411
WIN0891,B022,F029,怡和洋行住宅,Russian,俄租界,Window,窗5.png,3,W3,Rectilinear tendency,9.419464
WIN0892,B022,F029,怡和洋行住宅,Russian,俄租界,Window,窗6.png,3,W3,Rectilinear tendency,8.031783
WIN0893,B022,F029,怡和洋行住宅,Russian,俄租界,Window,窗7.png,3,W3,Rectilinear tendency,6.5232673
WIN0894,B022,F029,怡和洋行住宅,Russian,俄租界,Window,窗8.png,3,W3,Rectilinear tendency,11.82031
WIN0895,B022,F029,怡和洋行住宅,Russian,俄租界,Window,窗9.png,3,W3,Rectilinear tendency,11.725206
WIN0896,B032,F030,汉口俄租界巡捕房旧址,Russian,俄租界,Window,窗1.png,1,W1,Arched/ornamented tendency,11.668182
WIN0897,B032,F030,汉口俄租界巡捕房旧址,Russian,俄租界,Window,窗10.png,1,W1,Arched/ornamented tendency,11.0429945
WIN0898,B032,F030,汉口俄租界巡捕房旧址,Russian,俄租界,Window,窗11.png,1,W1,Arched/ornamented tendency,9.648081
WIN0899,B032,F030,汉口俄租界巡捕房旧址,Russian,俄租界,Window,窗12.png,1,W1,Arched/ornamented tendency,8.829297
WIN0900,B032,F030,汉口俄租界巡捕房旧址,Russian,俄租界,Window,窗13.png,1,W1,Arched/ornamented tendency,11.123489
WIN0901,B032,F030,汉口俄租界巡捕房旧址,Russian,俄租界,Window,窗14.png,1,W1,Arched/ornamented tendency,9.232017
WIN0902,B032,F030,汉口俄租界巡捕房旧址,Russian,俄租界,Window,窗15.png,1,W1,Arched/ornamented tendency,10.297036
WIN0903,B032,F030,汉口俄租界巡捕房旧址,Russian,俄租界,Window,窗16.png,1,W1,Arched/ornamented tendency,10.141104
WIN0904,B032,F030,汉口俄租界巡捕房旧址,Russian,俄租界,Window,窗17.png,1,W1,Arched/ornamented tendency,9.265255
WIN0905,B032,F030,汉口俄租界巡捕房旧址,Russian,俄租界,Window,窗18.png,1,W1,Arched/ornamented tendency,10.527333
WIN0906,B032,F030,汉口俄租界巡捕房旧址,Russian,俄租界,Window,窗19.png,1,W1,Arched/ornamented tendency,8.715498
WIN0907,B032,F030,汉口俄租界巡捕房旧址,Russian,俄租界,Window,窗2.png,1,W1,Arched/ornamented tendency,11.016299
WIN0908,B032,F030,汉口俄租界巡捕房旧址,Russian,俄租界,Window,窗20.png,1,W1,Arched/ornamented tendency,9.876186
WIN0909,B032,F030,汉口俄租界巡捕房旧址,Russian,俄租界,Window,窗21.png,1,W1,Arched/ornamented tendency,7.9352612
WIN0910,B032,F030,汉口俄租界巡捕房旧址,Russian,俄租界,Window,窗22.png,1,W1,Arched/ornamented tendency,12.340489
WIN0911,B032,F030,汉口俄租界巡捕房旧址,Russian,俄租界,Window,窗23.png,1,W1,Arched/ornamented tendency,11.931854
WIN0912,B032,F030,汉口俄租界巡捕房旧址,Russian,俄租界,Window,窗24.png,3,W3,Rectilinear tendency,8.709614
WIN0913,B032,F030,汉口俄租界巡捕房旧址,Russian,俄租界,Window,窗25.png,3,W3,Rectilinear tendency,8.764959
WIN0914,B032,F030,汉口俄租界巡捕房旧址,Russian,俄租界,Window,窗26.png,1,W1,Arched/ornamented tendency,13.8097725
WIN0915,B032,F030,汉口俄租界巡捕房旧址,Russian,俄租界,Window,窗27.png,1,W1,Arched/ornamented tendency,12.027827
WIN0916,B032,F030,汉口俄租界巡捕房旧址,Russian,俄租界,Window,窗3.png,1,W1,Arched/ornamented tendency,9.677237
WIN0917,B032,F030,汉口俄租界巡捕房旧址,Russian,俄租界,Window,窗4.png,1,W1,Arched/ornamented tendency,11.275914
WIN0918,B032,F030,汉口俄租界巡捕房旧址,Russian,俄租界,Window,窗5.png,1,W1,Arched/ornamented tendency,8.760279
WIN0919,B032,F030,汉口俄租界巡捕房旧址,Russian,俄租界,Window,窗6.png,1,W1,Arched/ornamented tendency,12.3779955
WIN0920,B032,F030,汉口俄租界巡捕房旧址,Russian,俄租界,Window,窗7.png,1,W1,Arched/ornamented tendency,8.966144
WIN0921,B032,F030,汉口俄租界巡捕房旧址,Russian,俄租界,Window,窗8.png,1,W1,Arched/ornamented tendency,11.16815
WIN0922,B032,F030,汉口俄租界巡捕房旧址,Russian,俄租界,Window,窗9.png,1,W1,Arched/ornamented tendency,10.846383
WIN0923,B042,F031,市政府礼堂（原法国市政厅）,French,法租界,Window,窗1.png,2,W2,Horizontal-organization tendency,22.7885
WIN0924,B042,F031,市政府礼堂（原法国市政厅）,French,法租界,Window,窗2.png,2,W2,Horizontal-organization tendency,22.002169
WIN0925,B042,F031,市政府礼堂（原法国市政厅）,French,法租界,Window,窗3.png,2,W2,Horizontal-organization tendency,12.598018
WIN0926,B042,F031,市政府礼堂（原法国市政厅）,French,法租界,Window,窗4.png,2,W2,Horizontal-organization tendency,12.145781
WIN0927,B042,F031,市政府礼堂（原法国市政厅）,French,法租界,Window,窗5.png,2,W2,Horizontal-organization tendency,9.872453
WIN0928,B042,F031,市政府礼堂（原法国市政厅）,French,法租界,Window,窗6.png,2,W2,Horizontal-organization tendency,21.930624
WIN0929,B042,F031,市政府礼堂（原法国市政厅）,French,法租界,Window,窗7.png,2,W2,Horizontal-organization tendency,22.937563
WIN0930,B052,F032,铁路饭店,French,法租界,Window,窗1.png,1,W1,Arched/ornamented tendency,14.574004
WIN0931,B052,F032,铁路饭店,French,法租界,Window,窗2.png,3,W3,Rectilinear tendency,12.230195
WIN0932,B051,F033,平汉铁路局宿舍,French,法租界,Window,窗1.png,3,W3,Rectilinear tendency,11.2227955
WIN0933,B051,F033,平汉铁路局宿舍,French,法租界,Window,窗2.png,3,W3,Rectilinear tendency,11.8065195
WIN0934,B051,F033,平汉铁路局宿舍,French,法租界,Window,窗3.png,1,W1,Arched/ornamented tendency,11.491406
WIN0935,B051,F033,平汉铁路局宿舍,French,法租界,Window,窗4.png,3,W3,Rectilinear tendency,11.435607
WIN0936,B051,F033,平汉铁路局宿舍,French,法租界,Window,窗5.png,3,W3,Rectilinear tendency,12.097333
WIN0937,B051,F033,平汉铁路局宿舍,French,法租界,Window,窗6.png,3,W3,Rectilinear tendency,12.28996
WIN0938,B051,F033,平汉铁路局宿舍,French,法租界,Window,窗7.png,3,W3,Rectilinear tendency,12.943201
WIN0939,B051,F033,平汉铁路局宿舍,French,法租界,Window,窗8.png,3,W3,Rectilinear tendency,12.505005
WIN0940,B051,F033,平汉铁路局宿舍,French,法租界,Window,窗9.png,3,W3,Rectilinear tendency,12.722305
WIN0941,B051,F034,平汉铁路局宿舍,French,法租界,Window,窗1.png,1,W1,Arched/ornamented tendency,12.931677
WIN0942,B051,F034,平汉铁路局宿舍,French,法租界,Window,窗2.png,1,W1,Arched/ornamented tendency,11.103172
WIN0943,B051,F034,平汉铁路局宿舍,French,法租界,Window,窗3.png,1,W1,Arched/ornamented tendency,10.004955
WIN0944,B051,F034,平汉铁路局宿舍,French,法租界,Window,窗4.png,1,W1,Arched/ornamented tendency,11.242239
WIN0945,B051,F034,平汉铁路局宿舍,French,法租界,Window,窗5.png,1,W1,Arched/ornamented tendency,11.305757
WIN0946,B051,F034,平汉铁路局宿舍,French,法租界,Window,窗6.png,1,W1,Arched/ornamented tendency,13.398038
WIN0947,B051,F034,平汉铁路局宿舍,French,法租界,Window,窗7.png,1,W1,Arched/ornamented tendency,16.19521
WIN0948,B051,F034,平汉铁路局宿舍,French,法租界,Window,窗8.png,1,W1,Arched/ornamented tendency,14.546331
WIN0949,B051,F034,平汉铁路局宿舍,French,法租界,Window,窗9.png,1,W1,Arched/ornamented tendency,13.602712
WIN0950,B050,F035,胜利街 237-243 号建筑,French,法租界,Window,窗1.png,1,W1,Arched/ornamented tendency,12.263494
WIN0951,B050,F035,胜利街 237-243 号建筑,French,法租界,Window,窗10.png,1,W1,Arched/ornamented tendency,13.047589
WIN0952,B050,F035,胜利街 237-243 号建筑,French,法租界,Window,窗2.png,1,W1,Arched/ornamented tendency,13.358082
WIN0953,B050,F035,胜利街 237-243 号建筑,French,法租界,Window,窗3.png,1,W1,Arched/ornamented tendency,12.76282
WIN0954,B050,F035,胜利街 237-243 号建筑,French,法租界,Window,窗4.png,1,W1,Arched/ornamented tendency,11.59112
WIN0955,B050,F035,胜利街 237-243 号建筑,French,法租界,Window,窗5.png,1,W1,Arched/ornamented tendency,13.069487
WIN0956,B050,F035,胜利街 237-243 号建筑,French,法租界,Window,窗6.png,1,W1,Arched/ornamented tendency,12.718102
WIN0957,B050,F035,胜利街 237-243 号建筑,French,法租界,Window,窗7.png,1,W1,Arched/ornamented tendency,12.658817
WIN0958,B050,F035,胜利街 237-243 号建筑,French,法租界,Window,窗9.png,1,W1,Arched/ornamented tendency,11.485856
WIN0959,B049,F036,德明饭店,French,法租界,Window,窗1.png,1,W1,Arched/ornamented tendency,17.320591
WIN0960,B049,F036,德明饭店,French,法租界,Window,窗10.png,1,W1,Arched/ornamented tendency,8.703389
WIN0961,B049,F036,德明饭店,French,法租界,Window,窗11.png,3,W3,Rectilinear tendency,8.842473
WIN0962,B049,F036,德明饭店,French,法租界,Window,窗2.png,1,W1,Arched/ornamented tendency,16.706451
WIN0963,B049,F036,德明饭店,French,法租界,Window,窗3.png,1,W1,Arched/ornamented tendency,18.297602
WIN0964,B049,F036,德明饭店,French,法租界,Window,窗4.png,3,W3,Rectilinear tendency,8.669985
WIN0965,B049,F036,德明饭店,French,法租界,Window,窗5.png,1,W1,Arched/ornamented tendency,8.511558
WIN0966,B049,F036,德明饭店,French,法租界,Window,窗6.png,1,W1,Arched/ornamented tendency,8.85032
WIN0967,B049,F036,德明饭店,French,法租界,Window,窗7.png,1,W1,Arched/ornamented tendency,9.3313875
WIN0968,B049,F036,德明饭店,French,法租界,Window,窗8.png,3,W3,Rectilinear tendency,8.715658
WIN0969,B049,F036,德明饭店,French,法租界,Window,窗9.png,1,W1,Arched/ornamented tendency,8.817643
WIN0970,B048,F037,周苍柏公馆,French,法租界,Window,窗1.png,1,W1,Arched/ornamented tendency,8.118063
WIN0971,B048,F037,周苍柏公馆,French,法租界,Window,窗2.png,1,W1,Arched/ornamented tendency,8.732604
WIN0972,B048,F037,周苍柏公馆,French,法租界,Window,窗3.png,1,W1,Arched/ornamented tendency,8.321374
WIN0973,B048,F037,周苍柏公馆,French,法租界,Window,窗4.png,1,W1,Arched/ornamented tendency,7.813945
WIN0974,B048,F037,周苍柏公馆,French,法租界,Window,窗5.png,1,W1,Arched/ornamented tendency,8.770546
WIN0975,B024,F038,五花宾馆,Russian,俄租界,Window,窗1.png,3,W3,Rectilinear tendency,9.579464
WIN0976,B024,F038,五花宾馆,Russian,俄租界,Window,窗10.png,3,W3,Rectilinear tendency,11.613938
WIN0977,B024,F038,五花宾馆,Russian,俄租界,Window,窗2.png,3,W3,Rectilinear tendency,11.6452875
WIN0978,B024,F038,五花宾馆,Russian,俄租界,Window,窗3.png,1,W1,Arched/ornamented tendency,9.46881
WIN0979,B024,F038,五花宾馆,Russian,俄租界,Window,窗4.png,3,W3,Rectilinear tendency,10.09117
WIN0980,B024,F038,五花宾馆,Russian,俄租界,Window,窗5.png,3,W3,Rectilinear tendency,11.653545
WIN0981,B024,F038,五花宾馆,Russian,俄租界,Window,窗6.png,3,W3,Rectilinear tendency,8.488591
WIN0982,B024,F038,五花宾馆,Russian,俄租界,Window,窗7.png,1,W1,Arched/ornamented tendency,8.08317
WIN0983,B024,F038,五花宾馆,Russian,俄租界,Window,窗8.png,3,W3,Rectilinear tendency,11.99229
WIN0984,B024,F038,五花宾馆,Russian,俄租界,Window,窗9.png,3,W3,Rectilinear tendency,8.58553
WIN0985,B024,F039,五花宾馆,Russian,俄租界,Window,窗1.png,3,W3,Rectilinear tendency,11.042715
WIN0986,B024,F039,五花宾馆,Russian,俄租界,Window,窗2.png,1,W1,Arched/ornamented tendency,9.164476
WIN0987,B024,F039,五花宾馆,Russian,俄租界,Window,窗3.png,3,W3,Rectilinear tendency,11.550626
WIN0988,B024,F039,五花宾馆,Russian,俄租界,Window,窗4.png,3,W3,Rectilinear tendency,11.199555
WIN0989,B024,F039,五花宾馆,Russian,俄租界,Window,窗5.png,3,W3,Rectilinear tendency,11.727206
WIN0990,B024,F039,五花宾馆,Russian,俄租界,Window,窗6.png,3,W3,Rectilinear tendency,12.096264
WIN0991,B024,F039,五花宾馆,Russian,俄租界,Window,窗7.png,3,W3,Rectilinear tendency,12.228763
WIN0992,B042,F040,市政府礼堂（原法国市政厅）,French,法租界,Window,窗1.png,2,W2,Horizontal-organization tendency,10.969585
WIN0993,B042,F040,市政府礼堂（原法国市政厅）,French,法租界,Window,窗10.png,3,W3,Rectilinear tendency,10.512089
WIN0994,B042,F040,市政府礼堂（原法国市政厅）,French,法租界,Window,窗11.png,3,W3,Rectilinear tendency,13.620758
WIN0995,B042,F040,市政府礼堂（原法国市政厅）,French,法租界,Window,窗12.png,3,W3,Rectilinear tendency,10.537505
WIN0996,B042,F040,市政府礼堂（原法国市政厅）,French,法租界,Window,窗13.png,3,W3,Rectilinear tendency,12.799841
WIN0997,B042,F040,市政府礼堂（原法国市政厅）,French,法租界,Window,窗14.png,3,W3,Rectilinear tendency,10.824846
WIN0998,B042,F040,市政府礼堂（原法国市政厅）,French,法租界,Window,窗15.png,3,W3,Rectilinear tendency,9.831056
WIN0999,B042,F040,市政府礼堂（原法国市政厅）,French,法租界,Window,窗16.png,3,W3,Rectilinear tendency,10.94101
WIN1000,B042,F040,市政府礼堂（原法国市政厅）,French,法租界,Window,窗17.png,3,W3,Rectilinear tendency,12.775511
WIN1001,B042,F040,市政府礼堂（原法国市政厅）,French,法租界,Window,窗18.png,2,W2,Horizontal-organization tendency,16.88109
WIN1002,B042,F040,市政府礼堂（原法国市政厅）,French,法租界,Window,窗19.png,2,W2,Horizontal-organization tendency,15.106358
WIN1003,B042,F040,市政府礼堂（原法国市政厅）,French,法租界,Window,窗2.png,2,W2,Horizontal-organization tendency,18.418036
WIN1004,B042,F040,市政府礼堂（原法国市政厅）,French,法租界,Window,窗20.png,2,W2,Horizontal-organization tendency,17.909117
WIN1005,B042,F040,市政府礼堂（原法国市政厅）,French,法租界,Window,窗21.png,2,W2,Horizontal-organization tendency,17.167152
WIN1006,B042,F040,市政府礼堂（原法国市政厅）,French,法租界,Window,窗22.png,2,W2,Horizontal-organization tendency,13.385079
WIN1007,B042,F040,市政府礼堂（原法国市政厅）,French,法租界,Window,窗23.png,2,W2,Horizontal-organization tendency,14.424483
WIN1008,B042,F040,市政府礼堂（原法国市政厅）,French,法租界,Window,窗24.png,2,W2,Horizontal-organization tendency,14.927591
WIN1009,B042,F040,市政府礼堂（原法国市政厅）,French,法租界,Window,窗25.png,2,W2,Horizontal-organization tendency,14.40897
WIN1010,B042,F040,市政府礼堂（原法国市政厅）,French,法租界,Window,窗26.png,2,W2,Horizontal-organization tendency,15.154583
WIN1011,B042,F040,市政府礼堂（原法国市政厅）,French,法租界,Window,窗3.png,2,W2,Horizontal-organization tendency,16.278606
WIN1012,B042,F040,市政府礼堂（原法国市政厅）,French,法租界,Window,窗4.png,3,W3,Rectilinear tendency,12.26321
WIN1013,B042,F040,市政府礼堂（原法国市政厅）,French,法租界,Window,窗5.png,3,W3,Rectilinear tendency,9.345812
WIN1014,B042,F040,市政府礼堂（原法国市政厅）,French,法租界,Window,窗6.png,3,W3,Rectilinear tendency,10.562247
WIN1015,B042,F040,市政府礼堂（原法国市政厅）,French,法租界,Window,窗7.png,3,W3,Rectilinear tendency,10.719314
WIN1016,B042,F040,市政府礼堂（原法国市政厅）,French,法租界,Window,窗8.png,3,W3,Rectilinear tendency,9.76791
WIN1017,B042,F040,市政府礼堂（原法国市政厅）,French,法租界,Window,窗9.png,3,W3,Rectilinear tendency,11.990304
WIN1018,B055,F041,胜利街 307 号建筑,German,德租界,Window,窗1.png,3,W3,Rectilinear tendency,11.950321
WIN1019,B055,F041,胜利街 307 号建筑,German,德租界,Window,窗10.png,3,W3,Rectilinear tendency,12.241565
WIN1020,B055,F041,胜利街 307 号建筑,German,德租界,Window,窗11.png,3,W3,Rectilinear tendency,11.95709
WIN1021,B055,F041,胜利街 307 号建筑,German,德租界,Window,窗12.png,3,W3,Rectilinear tendency,12.718047
WIN1022,B055,F041,胜利街 307 号建筑,German,德租界,Window,窗13.png,3,W3,Rectilinear tendency,11.027553
WIN1023,B055,F041,胜利街 307 号建筑,German,德租界,Window,窗14.png,3,W3,Rectilinear tendency,8.428773
WIN1024,B055,F041,胜利街 307 号建筑,German,德租界,Window,窗15.png,3,W3,Rectilinear tendency,11.711109
WIN1025,B055,F041,胜利街 307 号建筑,German,德租界,Window,窗16.png,3,W3,Rectilinear tendency,9.760129
WIN1026,B055,F041,胜利街 307 号建筑,German,德租界,Window,窗17.png,3,W3,Rectilinear tendency,10.060095
WIN1027,B055,F041,胜利街 307 号建筑,German,德租界,Window,窗18.png,3,W3,Rectilinear tendency,13.494067
WIN1028,B055,F041,胜利街 307 号建筑,German,德租界,Window,窗19.png,3,W3,Rectilinear tendency,12.350519
WIN1029,B055,F041,胜利街 307 号建筑,German,德租界,Window,窗2.png,3,W3,Rectilinear tendency,10.351274
WIN1030,B055,F041,胜利街 307 号建筑,German,德租界,Window,窗20.png,3,W3,Rectilinear tendency,11.995441
WIN1031,B055,F041,胜利街 307 号建筑,German,德租界,Window,窗21.png,3,W3,Rectilinear tendency,12.149273
WIN1032,B055,F041,胜利街 307 号建筑,German,德租界,Window,窗22.png,3,W3,Rectilinear tendency,10.776217
WIN1033,B055,F041,胜利街 307 号建筑,German,德租界,Window,窗23.png,3,W3,Rectilinear tendency,9.213543
WIN1034,B055,F041,胜利街 307 号建筑,German,德租界,Window,窗24.png,3,W3,Rectilinear tendency,8.50704
WIN1035,B055,F041,胜利街 307 号建筑,German,德租界,Window,窗25.png,3,W3,Rectilinear tendency,10.487003
WIN1036,B055,F041,胜利街 307 号建筑,German,德租界,Window,窗26.png,3,W3,Rectilinear tendency,11.370402
WIN1037,B055,F041,胜利街 307 号建筑,German,德租界,Window,窗27.png,3,W3,Rectilinear tendency,9.495735
WIN1038,B055,F041,胜利街 307 号建筑,German,德租界,Window,窗28.png,3,W3,Rectilinear tendency,11.111904
WIN1039,B055,F041,胜利街 307 号建筑,German,德租界,Window,窗29.png,3,W3,Rectilinear tendency,10.4750805
WIN1040,B055,F041,胜利街 307 号建筑,German,德租界,Window,窗3.png,3,W3,Rectilinear tendency,10.9823
WIN1041,B055,F041,胜利街 307 号建筑,German,德租界,Window,窗30.png,3,W3,Rectilinear tendency,8.098619
WIN1042,B055,F041,胜利街 307 号建筑,German,德租界,Window,窗31.png,3,W3,Rectilinear tendency,12.7705
WIN1043,B055,F041,胜利街 307 号建筑,German,德租界,Window,窗32.png,3,W3,Rectilinear tendency,10.046271
WIN1044,B055,F041,胜利街 307 号建筑,German,德租界,Window,窗33.png,3,W3,Rectilinear tendency,10.622087
WIN1045,B055,F041,胜利街 307 号建筑,German,德租界,Window,窗34.png,3,W3,Rectilinear tendency,9.192811
WIN1046,B055,F041,胜利街 307 号建筑,German,德租界,Window,窗35.png,3,W3,Rectilinear tendency,10.929105
WIN1047,B055,F041,胜利街 307 号建筑,German,德租界,Window,窗36.png,3,W3,Rectilinear tendency,10.967367
WIN1048,B055,F041,胜利街 307 号建筑,German,德租界,Window,窗37.png,2,W2,Horizontal-organization tendency,10.656964
WIN1049,B055,F041,胜利街 307 号建筑,German,德租界,Window,窗38.png,2,W2,Horizontal-organization tendency,13.952755
WIN1050,B055,F041,胜利街 307 号建筑,German,德租界,Window,窗39.png,2,W2,Horizontal-organization tendency,12.600087
WIN1051,B055,F041,胜利街 307 号建筑,German,德租界,Window,窗4.png,3,W3,Rectilinear tendency,9.841204
WIN1052,B055,F041,胜利街 307 号建筑,German,德租界,Window,窗40.png,3,W3,Rectilinear tendency,11.126459
WIN1053,B055,F041,胜利街 307 号建筑,German,德租界,Window,窗41.png,2,W2,Horizontal-organization tendency,10.962425
WIN1054,B055,F041,胜利街 307 号建筑,German,德租界,Window,窗42.png,2,W2,Horizontal-organization tendency,9.414393
WIN1055,B055,F041,胜利街 307 号建筑,German,德租界,Window,窗43.png,2,W2,Horizontal-organization tendency,10.9411335
WIN1056,B055,F041,胜利街 307 号建筑,German,德租界,Window,窗44.png,3,W3,Rectilinear tendency,10.784011
WIN1057,B055,F041,胜利街 307 号建筑,German,德租界,Window,窗45.png,2,W2,Horizontal-organization tendency,9.383719
WIN1058,B055,F041,胜利街 307 号建筑,German,德租界,Window,窗46.png,2,W2,Horizontal-organization tendency,8.682765
WIN1059,B055,F041,胜利街 307 号建筑,German,德租界,Window,窗47.png,2,W2,Horizontal-organization tendency,10.152531
WIN1060,B055,F041,胜利街 307 号建筑,German,德租界,Window,窗5.png,3,W3,Rectilinear tendency,14.783968
WIN1061,B055,F041,胜利街 307 号建筑,German,德租界,Window,窗6.png,3,W3,Rectilinear tendency,11.0392
WIN1062,B055,F041,胜利街 307 号建筑,German,德租界,Window,窗7.png,3,W3,Rectilinear tendency,9.582786
WIN1063,B055,F041,胜利街 307 号建筑,German,德租界,Window,窗8.png,3,W3,Rectilinear tendency,12.442147
WIN1064,B055,F041,胜利街 307 号建筑,German,德租界,Window,窗9.png,3,W3,Rectilinear tendency,14.109641
WIN1065,B054,F042,胜利街 325 号建筑,German,德租界,Window,窗1.png,3,W3,Rectilinear tendency,7.665709
WIN1066,B054,F042,胜利街 325 号建筑,German,德租界,Window,窗10.png,3,W3,Rectilinear tendency,11.032002
WIN1067,B054,F042,胜利街 325 号建筑,German,德租界,Window,窗11.png,3,W3,Rectilinear tendency,10.192906
WIN1068,B054,F042,胜利街 325 号建筑,German,德租界,Window,窗12.png,3,W3,Rectilinear tendency,9.451468
WIN1069,B054,F042,胜利街 325 号建筑,German,德租界,Window,窗13.png,3,W3,Rectilinear tendency,10.91505
WIN1070,B054,F042,胜利街 325 号建筑,German,德租界,Window,窗14.png,2,W2,Horizontal-organization tendency,9.529396
WIN1071,B054,F042,胜利街 325 号建筑,German,德租界,Window,窗15.png,2,W2,Horizontal-organization tendency,9.998369
WIN1072,B054,F042,胜利街 325 号建筑,German,德租界,Window,窗16.png,2,W2,Horizontal-organization tendency,9.940741
WIN1073,B054,F042,胜利街 325 号建筑,German,德租界,Window,窗17.png,2,W2,Horizontal-organization tendency,10.760671
WIN1074,B054,F042,胜利街 325 号建筑,German,德租界,Window,窗18.png,2,W2,Horizontal-organization tendency,9.912416
WIN1075,B054,F042,胜利街 325 号建筑,German,德租界,Window,窗19.png,2,W2,Horizontal-organization tendency,9.865315
WIN1076,B054,F042,胜利街 325 号建筑,German,德租界,Window,窗2.png,3,W3,Rectilinear tendency,7.388341
WIN1077,B054,F042,胜利街 325 号建筑,German,德租界,Window,窗20.png,2,W2,Horizontal-organization tendency,10.527406
WIN1078,B054,F042,胜利街 325 号建筑,German,德租界,Window,窗3.png,3,W3,Rectilinear tendency,12.546244
WIN1079,B054,F042,胜利街 325 号建筑,German,德租界,Window,窗4.png,3,W3,Rectilinear tendency,7.9175115
WIN1080,B054,F042,胜利街 325 号建筑,German,德租界,Window,窗5.png,3,W3,Rectilinear tendency,11.03539
WIN1081,B054,F042,胜利街 325 号建筑,German,德租界,Window,窗6.png,3,W3,Rectilinear tendency,11.133845
WIN1082,B054,F042,胜利街 325 号建筑,German,德租界,Window,窗7.png,3,W3,Rectilinear tendency,10.425909
WIN1083,B054,F042,胜利街 325 号建筑,German,德租界,Window,窗8.png,3,W3,Rectilinear tendency,11.432698
WIN1084,B054,F042,胜利街 325 号建筑,German,德租界,Window,窗9.png,3,W3,Rectilinear tendency,8.617298
WIN1085,B011,F043,圣教书局旧址,British,英租界,Window,窗1.png,3,W3,Rectilinear tendency,13.208503
WIN1086,B011,F043,圣教书局旧址,British,英租界,Window,窗10.png,3,W3,Rectilinear tendency,7.9808035
WIN1087,B011,F043,圣教书局旧址,British,英租界,Window,窗11.png,3,W3,Rectilinear tendency,8.46835
WIN1088,B011,F043,圣教书局旧址,British,英租界,Window,窗12.png,3,W3,Rectilinear tendency,8.479962
WIN1089,B011,F043,圣教书局旧址,British,英租界,Window,窗13.png,3,W3,Rectilinear tendency,8.524057
WIN1090,B011,F043,圣教书局旧址,British,英租界,Window,窗14.png,3,W3,Rectilinear tendency,9.247477
WIN1091,B011,F043,圣教书局旧址,British,英租界,Window,窗15.png,3,W3,Rectilinear tendency,8.689999
WIN1092,B011,F043,圣教书局旧址,British,英租界,Window,窗16.png,3,W3,Rectilinear tendency,9.679248
WIN1093,B011,F043,圣教书局旧址,British,英租界,Window,窗17.png,3,W3,Rectilinear tendency,10.7000265
WIN1094,B011,F043,圣教书局旧址,British,英租界,Window,窗18.png,3,W3,Rectilinear tendency,10.202993
WIN1095,B011,F043,圣教书局旧址,British,英租界,Window,窗19.png,3,W3,Rectilinear tendency,10.261733
WIN1096,B011,F043,圣教书局旧址,British,英租界,Window,窗2.png,3,W3,Rectilinear tendency,7.6637826
WIN1097,B011,F043,圣教书局旧址,British,英租界,Window,窗20.png,3,W3,Rectilinear tendency,9.705795
WIN1098,B011,F043,圣教书局旧址,British,英租界,Window,窗21.png,2,W2,Horizontal-organization tendency,16.048904
WIN1099,B011,F043,圣教书局旧址,British,英租界,Window,窗3.png,3,W3,Rectilinear tendency,8.050672
WIN1100,B011,F043,圣教书局旧址,British,英租界,Window,窗4.png,3,W3,Rectilinear tendency,8.487247
WIN1101,B011,F043,圣教书局旧址,British,英租界,Window,窗5.png,3,W3,Rectilinear tendency,10.265992
WIN1102,B011,F043,圣教书局旧址,British,英租界,Window,窗6.png,3,W3,Rectilinear tendency,8.128918
WIN1103,B011,F043,圣教书局旧址,British,英租界,Window,窗7.png,3,W3,Rectilinear tendency,8.563037
WIN1104,B011,F043,圣教书局旧址,British,英租界,Window,窗8.png,3,W3,Rectilinear tendency,8.468071
WIN1105,B011,F043,圣教书局旧址,British,英租界,Window,窗9.png,3,W3,Rectilinear tendency,9.144841
WIN1106,B059,F044,胜利街 331 号建筑,Japanese,日租界,Window,窗1.png,3,W3,Rectilinear tendency,11.108291
WIN1107,B059,F044,胜利街 331 号建筑,Japanese,日租界,Window,窗2.png,3,W3,Rectilinear tendency,9.778924
WIN1108,B059,F044,胜利街 331 号建筑,Japanese,日租界,Window,窗3.png,3,W3,Rectilinear tendency,7.640759
WIN1109,B058,F045,胜利街 333 号建筑,Japanese,日租界,Window,窗1.png,3,W3,Rectilinear tendency,8.640521
WIN1110,B058,F045,胜利街 333 号建筑,Japanese,日租界,Window,窗10.png,3,W3,Rectilinear tendency,9.979853
WIN1111,B058,F045,胜利街 333 号建筑,Japanese,日租界,Window,窗2.png,3,W3,Rectilinear tendency,8.946054
WIN1112,B058,F045,胜利街 333 号建筑,Japanese,日租界,Window,窗3.png,3,W3,Rectilinear tendency,8.609101
WIN1113,B058,F045,胜利街 333 号建筑,Japanese,日租界,Window,窗4.png,3,W3,Rectilinear tendency,8.221194
WIN1114,B058,F045,胜利街 333 号建筑,Japanese,日租界,Window,窗5.png,3,W3,Rectilinear tendency,9.198799
WIN1115,B058,F045,胜利街 333 号建筑,Japanese,日租界,Window,窗6.png,3,W3,Rectilinear tendency,8.634756
WIN1116,B058,F045,胜利街 333 号建筑,Japanese,日租界,Window,窗7.png,3,W3,Rectilinear tendency,8.914372
WIN1117,B058,F045,胜利街 333 号建筑,Japanese,日租界,Window,窗8.png,3,W3,Rectilinear tendency,8.622961
WIN1118,B058,F045,胜利街 333 号建筑,Japanese,日租界,Window,窗9.png,3,W3,Rectilinear tendency,8.446373
WIN1119,B056,F046,夏斗寅汉口公馆,Japanese,日租界,Window,窗1.png,3,W3,Rectilinear tendency,8.52246
WIN1120,B056,F046,夏斗寅汉口公馆,Japanese,日租界,Window,窗2.png,1,W1,Arched/ornamented tendency,9.09448
WIN1121,B056,F046,夏斗寅汉口公馆,Japanese,日租界,Window,窗3.png,1,W1,Arched/ornamented tendency,9.770854
WIN1122,B056,F046,夏斗寅汉口公馆,Japanese,日租界,Window,窗4.png,3,W3,Rectilinear tendency,7.5331655
WIN1123,B056,F046,夏斗寅汉口公馆,Japanese,日租界,Window,窗5.png,3,W3,Rectilinear tendency,8.181998
WIN1124,B057,F047,胜利街 337 号建筑,Japanese,日租界,Window,窗1.png,2,W2,Horizontal-organization tendency,15.786335
WIN1125,B057,F047,胜利街 337 号建筑,Japanese,日租界,Window,窗10.png,3,W3,Rectilinear tendency,9.289446
WIN1126,B057,F047,胜利街 337 号建筑,Japanese,日租界,Window,窗11.png,3,W3,Rectilinear tendency,8.038168
WIN1127,B057,F047,胜利街 337 号建筑,Japanese,日租界,Window,窗12.png,3,W3,Rectilinear tendency,9.879459
WIN1128,B057,F047,胜利街 337 号建筑,Japanese,日租界,Window,窗13.png,3,W3,Rectilinear tendency,11.006577
WIN1129,B057,F047,胜利街 337 号建筑,Japanese,日租界,Window,窗2.png,2,W2,Horizontal-organization tendency,16.477924
WIN1130,B057,F047,胜利街 337 号建筑,Japanese,日租界,Window,窗3.png,3,W3,Rectilinear tendency,11.686254
WIN1131,B057,F047,胜利街 337 号建筑,Japanese,日租界,Window,窗4.png,3,W3,Rectilinear tendency,9.961128
WIN1132,B057,F047,胜利街 337 号建筑,Japanese,日租界,Window,窗5.png,3,W3,Rectilinear tendency,11.533153
WIN1133,B057,F047,胜利街 337 号建筑,Japanese,日租界,Window,窗6.png,3,W3,Rectilinear tendency,10.033937
WIN1134,B057,F047,胜利街 337 号建筑,Japanese,日租界,Window,窗7.png,3,W3,Rectilinear tendency,9.480184
WIN1135,B057,F047,胜利街 337 号建筑,Japanese,日租界,Window,窗8.png,3,W3,Rectilinear tendency,10.37632
WIN1136,B057,F047,胜利街 337 号建筑,Japanese,日租界,Window,窗9.png,3,W3,Rectilinear tendency,13.394342
WIN1137,B043,F048,洞庭街 38-40 号建筑,French,法租界,Window,窗1.png,3,W3,Rectilinear tendency,8.274671
WIN1138,B043,F048,洞庭街 38-40 号建筑,French,法租界,Window,窗2.png,3,W3,Rectilinear tendency,8.509074
WIN1139,B043,F048,洞庭街 38-40 号建筑,French,法租界,Window,窗3.png,3,W3,Rectilinear tendency,9.586121
WIN1140,B043,F048,洞庭街 38-40 号建筑,French,法租界,Window,窗4.png,3,W3,Rectilinear tendency,9.842744
WIN1141,B043,F048,洞庭街 38-40 号建筑,French,法租界,Window,窗5.png,3,W3,Rectilinear tendency,8.773243
WIN1142,B043,F049,洞庭街 38-40 号建筑,French,法租界,Window,窗1.png,3,W3,Rectilinear tendency,11.088479
WIN1143,B043,F049,洞庭街 38-40 号建筑,French,法租界,Window,窗10.png,3,W3,Rectilinear tendency,15.079296
WIN1144,B043,F049,洞庭街 38-40 号建筑,French,法租界,Window,窗11.png,3,W3,Rectilinear tendency,8.2858715
WIN1145,B043,F049,洞庭街 38-40 号建筑,French,法租界,Window,窗2.png,3,W3,Rectilinear tendency,10.743697
WIN1146,B043,F049,洞庭街 38-40 号建筑,French,法租界,Window,窗3.png,2,W2,Horizontal-organization tendency,14.520629
WIN1147,B043,F049,洞庭街 38-40 号建筑,French,法租界,Window,窗4.png,3,W3,Rectilinear tendency,14.712663
WIN1148,B043,F049,洞庭街 38-40 号建筑,French,法租界,Window,窗5.png,3,W3,Rectilinear tendency,9.993184
WIN1149,B043,F049,洞庭街 38-40 号建筑,French,法租界,Window,窗6.png,3,W3,Rectilinear tendency,11.84479
WIN1150,B043,F049,洞庭街 38-40 号建筑,French,法租界,Window,窗7.png,3,W3,Rectilinear tendency,8.367426
WIN1151,B043,F049,洞庭街 38-40 号建筑,French,法租界,Window,窗8.png,3,W3,Rectilinear tendency,9.939694
WIN1152,B043,F049,洞庭街 38-40 号建筑,French,法租界,Window,窗9.png,3,W3,Rectilinear tendency,8.525822
WIN1153,B017,F050,汉口鄱阳街 5-11 号（汉口民生轮船公司旧址）,British,英租界,Window,窗1.png,1,W1,Arched/ornamented tendency,9.847044
WIN1154,B017,F050,汉口鄱阳街 5-11 号（汉口民生轮船公司旧址）,British,英租界,Window,窗10.png,3,W3,Rectilinear tendency,8.823597
WIN1155,B017,F050,汉口鄱阳街 5-11 号（汉口民生轮船公司旧址）,British,英租界,Window,窗11.png,3,W3,Rectilinear tendency,8.269195
WIN1156,B017,F050,汉口鄱阳街 5-11 号（汉口民生轮船公司旧址）,British,英租界,Window,窗12.png,3,W3,Rectilinear tendency,9.014356
WIN1157,B017,F050,汉口鄱阳街 5-11 号（汉口民生轮船公司旧址）,British,英租界,Window,窗13.png,3,W3,Rectilinear tendency,8.863755
WIN1158,B017,F050,汉口鄱阳街 5-11 号（汉口民生轮船公司旧址）,British,英租界,Window,窗14.png,3,W3,Rectilinear tendency,8.03518
WIN1159,B017,F050,汉口鄱阳街 5-11 号（汉口民生轮船公司旧址）,British,英租界,Window,窗15.png,1,W1,Arched/ornamented tendency,9.754691
WIN1160,B017,F050,汉口鄱阳街 5-11 号（汉口民生轮船公司旧址）,British,英租界,Window,窗16.png,1,W1,Arched/ornamented tendency,9.585885
WIN1161,B017,F050,汉口鄱阳街 5-11 号（汉口民生轮船公司旧址）,British,英租界,Window,窗17.png,1,W1,Arched/ornamented tendency,8.017117
WIN1162,B017,F050,汉口鄱阳街 5-11 号（汉口民生轮船公司旧址）,British,英租界,Window,窗18.png,1,W1,Arched/ornamented tendency,8.788741
WIN1163,B017,F050,汉口鄱阳街 5-11 号（汉口民生轮船公司旧址）,British,英租界,Window,窗19.png,3,W3,Rectilinear tendency,10.353351
WIN1164,B017,F050,汉口鄱阳街 5-11 号（汉口民生轮船公司旧址）,British,英租界,Window,窗2.png,3,W3,Rectilinear tendency,9.031597
WIN1165,B017,F050,汉口鄱阳街 5-11 号（汉口民生轮船公司旧址）,British,英租界,Window,窗20.png,3,W3,Rectilinear tendency,12.281231
WIN1166,B017,F050,汉口鄱阳街 5-11 号（汉口民生轮船公司旧址）,British,英租界,Window,窗3.png,1,W1,Arched/ornamented tendency,8.499764
WIN1167,B017,F050,汉口鄱阳街 5-11 号（汉口民生轮船公司旧址）,British,英租界,Window,窗4.png,1,W1,Arched/ornamented tendency,8.384514
WIN1168,B017,F050,汉口鄱阳街 5-11 号（汉口民生轮船公司旧址）,British,英租界,Window,窗5.png,1,W1,Arched/ornamented tendency,9.252544
WIN1169,B017,F050,汉口鄱阳街 5-11 号（汉口民生轮船公司旧址）,British,英租界,Window,窗6.png,1,W1,Arched/ornamented tendency,9.753899
WIN1170,B017,F050,汉口鄱阳街 5-11 号（汉口民生轮船公司旧址）,British,英租界,Window,窗7.png,3,W3,Rectilinear tendency,8.140662
WIN1171,B017,F050,汉口鄱阳街 5-11 号（汉口民生轮船公司旧址）,British,英租界,Window,窗8.png,3,W3,Rectilinear tendency,7.9910703
WIN1172,B017,F050,汉口鄱阳街 5-11 号（汉口民生轮船公司旧址）,British,英租界,Window,窗9.png,1,W1,Arched/ornamented tendency,9.825485
WIN1173,B038,F051,浸安教会学校旧址,French,法租界,Window,窗1.png,3,W3,Rectilinear tendency,10.859321
WIN1174,B038,F051,浸安教会学校旧址,French,法租界,Window,窗2.png,3,W3,Rectilinear tendency,10.5534
WIN1175,B038,F052,浸安教会学校旧址,French,法租界,Window,窗1.png,3,W3,Rectilinear tendency,9.526974
WIN1176,B038,F052,浸安教会学校旧址,French,法租界,Window,窗2.png,3,W3,Rectilinear tendency,11.053984
WIN1177,B038,F052,浸安教会学校旧址,French,法租界,Window,窗3.png,3,W3,Rectilinear tendency,10.164218
WIN1178,B038,F052,浸安教会学校旧址,French,法租界,Window,窗4.png,3,W3,Rectilinear tendency,9.227542
WIN1179,B038,F052,浸安教会学校旧址,French,法租界,Window,窗5.png,3,W3,Rectilinear tendency,8.27902
WIN1180,B017,F053,汉口鄱阳街 5-11 号（汉口民生轮船公司旧址）,British,英租界,Window,窗1.png,3,W3,Rectilinear tendency,11.310893
WIN1181,B017,F053,汉口鄱阳街 5-11 号（汉口民生轮船公司旧址）,British,英租界,Window,窗10.png,1,W1,Arched/ornamented tendency,13.034226
WIN1182,B017,F053,汉口鄱阳街 5-11 号（汉口民生轮船公司旧址）,British,英租界,Window,窗2.png,3,W3,Rectilinear tendency,12.826176
WIN1183,B017,F053,汉口鄱阳街 5-11 号（汉口民生轮船公司旧址）,British,英租界,Window,窗3.png,3,W3,Rectilinear tendency,11.652356
WIN1184,B017,F053,汉口鄱阳街 5-11 号（汉口民生轮船公司旧址）,British,英租界,Window,窗4.png,3,W3,Rectilinear tendency,11.023892
WIN1185,B017,F053,汉口鄱阳街 5-11 号（汉口民生轮船公司旧址）,British,英租界,Window,窗5.png,3,W3,Rectilinear tendency,11.23114
WIN1186,B017,F053,汉口鄱阳街 5-11 号（汉口民生轮船公司旧址）,British,英租界,Window,窗6.png,3,W3,Rectilinear tendency,10.571433
WIN1187,B017,F053,汉口鄱阳街 5-11 号（汉口民生轮船公司旧址）,British,英租界,Window,窗7.png,3,W3,Rectilinear tendency,10.173314
WIN1188,B017,F053,汉口鄱阳街 5-11 号（汉口民生轮船公司旧址）,British,英租界,Window,窗8.png,3,W3,Rectilinear tendency,8.617323
WIN1189,B017,F053,汉口鄱阳街 5-11 号（汉口民生轮船公司旧址）,British,英租界,Window,窗9.png,3,W3,Rectilinear tendency,10.049715
WIN1190,B047,F054,望德堂,French,法租界,Window,窗1.png,3,W3,Rectilinear tendency,10.153415
WIN1191,B047,F054,望德堂,French,法租界,Window,窗10.png,2,W2,Horizontal-organization tendency,12.07679
WIN1192,B047,F054,望德堂,French,法租界,Window,窗11.png,2,W2,Horizontal-organization tendency,10.947738
WIN1193,B047,F054,望德堂,French,法租界,Window,窗12.png,2,W2,Horizontal-organization tendency,11.502679
WIN1194,B047,F054,望德堂,French,法租界,Window,窗13.png,3,W3,Rectilinear tendency,11.061852
WIN1195,B047,F054,望德堂,French,法租界,Window,窗14.png,3,W3,Rectilinear tendency,9.261271
WIN1196,B047,F054,望德堂,French,法租界,Window,窗15.png,3,W3,Rectilinear tendency,10.580817
WIN1197,B047,F054,望德堂,French,法租界,Window,窗16.png,2,W2,Horizontal-organization tendency,11.319973
WIN1198,B047,F054,望德堂,French,法租界,Window,窗17.png,2,W2,Horizontal-organization tendency,13.169519
WIN1199,B047,F054,望德堂,French,法租界,Window,窗18.png,2,W2,Horizontal-organization tendency,15.041482
WIN1200,B047,F054,望德堂,French,法租界,Window,窗19.png,3,W3,Rectilinear tendency,8.462431
WIN1201,B047,F054,望德堂,French,法租界,Window,窗2.png,3,W3,Rectilinear tendency,9.10733
WIN1202,B047,F054,望德堂,French,法租界,Window,窗20.png,3,W3,Rectilinear tendency,8.198623
WIN1203,B047,F054,望德堂,French,法租界,Window,窗21.png,3,W3,Rectilinear tendency,8.897262
WIN1204,B047,F054,望德堂,French,法租界,Window,窗22.png,3,W3,Rectilinear tendency,9.491996
WIN1205,B047,F054,望德堂,French,法租界,Window,窗23.png,3,W3,Rectilinear tendency,9.605277
WIN1206,B047,F054,望德堂,French,法租界,Window,窗24.png,3,W3,Rectilinear tendency,10.076013
WIN1207,B047,F054,望德堂,French,法租界,Window,窗25.png,3,W3,Rectilinear tendency,8.157835
WIN1208,B047,F054,望德堂,French,法租界,Window,窗26.png,3,W3,Rectilinear tendency,9.626428
WIN1209,B047,F054,望德堂,French,法租界,Window,窗27.png,3,W3,Rectilinear tendency,8.759866
WIN1210,B047,F054,望德堂,French,法租界,Window,窗28.png,3,W3,Rectilinear tendency,9.250546
WIN1211,B047,F054,望德堂,French,法租界,Window,窗29.png,3,W3,Rectilinear tendency,9.237054
WIN1212,B047,F054,望德堂,French,法租界,Window,窗3.png,3,W3,Rectilinear tendency,9.45423
WIN1213,B047,F054,望德堂,French,法租界,Window,窗30.png,3,W3,Rectilinear tendency,8.304488
WIN1214,B047,F054,望德堂,French,法租界,Window,窗31.png,1,W1,Arched/ornamented tendency,15.906814
WIN1215,B047,F054,望德堂,French,法租界,Window,窗32.png,1,W1,Arched/ornamented tendency,18.00101
WIN1216,B047,F054,望德堂,French,法租界,Window,窗33.png,1,W1,Arched/ornamented tendency,17.811373
WIN1217,B047,F054,望德堂,French,法租界,Window,窗34.png,1,W1,Arched/ornamented tendency,17.666096
WIN1218,B047,F054,望德堂,French,法租界,Window,窗35.png,3,W3,Rectilinear tendency,14.897692
WIN1219,B047,F054,望德堂,French,法租界,Window,窗36.png,3,W3,Rectilinear tendency,9.121275
WIN1220,B047,F054,望德堂,French,法租界,Window,窗37.png,3,W3,Rectilinear tendency,8.645335
WIN1221,B047,F054,望德堂,French,法租界,Window,窗38.png,3,W3,Rectilinear tendency,8.649761
WIN1222,B047,F054,望德堂,French,法租界,Window,窗39.png,3,W3,Rectilinear tendency,8.460598
WIN1223,B047,F054,望德堂,French,法租界,Window,窗4.png,2,W2,Horizontal-organization tendency,12.649229
WIN1224,B047,F054,望德堂,French,法租界,Window,窗40.png,3,W3,Rectilinear tendency,8.884835
WIN1225,B047,F054,望德堂,French,法租界,Window,窗41.png,3,W3,Rectilinear tendency,9.84779
WIN1226,B047,F054,望德堂,French,法租界,Window,窗42.png,3,W3,Rectilinear tendency,11.016481
WIN1227,B047,F054,望德堂,French,法租界,Window,窗43.png,2,W2,Horizontal-organization tendency,13.134116
WIN1228,B047,F054,望德堂,French,法租界,Window,窗44.png,2,W2,Horizontal-organization tendency,14.5516615
WIN1229,B047,F054,望德堂,French,法租界,Window,窗45.png,3,W3,Rectilinear tendency,12.509989
WIN1230,B047,F054,望德堂,French,法租界,Window,窗46.png,3,W3,Rectilinear tendency,10.459352
WIN1231,B047,F054,望德堂,French,法租界,Window,窗47.png,3,W3,Rectilinear tendency,9.096914
WIN1232,B047,F054,望德堂,French,法租界,Window,窗48.png,3,W3,Rectilinear tendency,8.72689
WIN1233,B047,F054,望德堂,French,法租界,Window,窗49.png,2,W2,Horizontal-organization tendency,11.280032
WIN1234,B047,F054,望德堂,French,法租界,Window,窗5.png,2,W2,Horizontal-organization tendency,12.715721
WIN1235,B047,F054,望德堂,French,法租界,Window,窗50.png,3,W3,Rectilinear tendency,8.664884
WIN1236,B047,F054,望德堂,French,法租界,Window,窗51.png,2,W2,Horizontal-organization tendency,13.98506
WIN1237,B047,F054,望德堂,French,法租界,Window,窗52.png,2,W2,Horizontal-organization tendency,10.179794
WIN1238,B047,F054,望德堂,French,法租界,Window,窗53.png,3,W3,Rectilinear tendency,10.103331
WIN1239,B047,F054,望德堂,French,法租界,Window,窗54.png,3,W3,Rectilinear tendency,9.459338
WIN1240,B047,F054,望德堂,French,法租界,Window,窗55.png,2,W2,Horizontal-organization tendency,13.636469
WIN1241,B047,F054,望德堂,French,法租界,Window,窗56.png,3,W3,Rectilinear tendency,8.129698
WIN1242,B047,F054,望德堂,French,法租界,Window,窗57.png,3,W3,Rectilinear tendency,9.3898945
WIN1243,B047,F054,望德堂,French,法租界,Window,窗6.png,3,W3,Rectilinear tendency,11.536146
WIN1244,B047,F054,望德堂,French,法租界,Window,窗7.png,3,W3,Rectilinear tendency,8.228991
WIN1245,B047,F054,望德堂,French,法租界,Window,窗8.png,3,W3,Rectilinear tendency,9.427837
WIN1246,B047,F054,望德堂,French,法租界,Window,窗9.png,3,W3,Rectilinear tendency,8.615405
WIN1247,B035,F055,汉口信义公所,Russian,俄租界,Window,窗1.png,3,W3,Rectilinear tendency,7.5858784
WIN1248,B035,F055,汉口信义公所,Russian,俄租界,Window,窗2.png,3,W3,Rectilinear tendency,9.1983185
WIN1249,B035,F055,汉口信义公所,Russian,俄租界,Window,窗3.png,3,W3,Rectilinear tendency,9.392147
WIN1250,B035,F055,汉口信义公所,Russian,俄租界,Window,窗4.png,3,W3,Rectilinear tendency,8.796443
WIN1251,B035,F055,汉口信义公所,Russian,俄租界,Window,窗5.png,3,W3,Rectilinear tendency,8.607118
WIN1252,B035,F055,汉口信义公所,Russian,俄租界,Window,窗6.png,3,W3,Rectilinear tendency,9.940105
WIN1253,B035,F055,汉口信义公所,Russian,俄租界,Window,窗7.png,3,W3,Rectilinear tendency,9.878258
WIN1254,B035,F055,汉口信义公所,Russian,俄租界,Window,窗8.png,3,W3,Rectilinear tendency,10.101703
WIN1255,B017,F056,汉口鄱阳街 5-11 号（汉口民生轮船公司旧址）,British,英租界,Window,窗1.png,1,W1,Arched/ornamented tendency,9.094891
WIN1256,B017,F056,汉口鄱阳街 5-11 号（汉口民生轮船公司旧址）,British,英租界,Window,窗10.png,1,W1,Arched/ornamented tendency,9.321994
WIN1257,B017,F056,汉口鄱阳街 5-11 号（汉口民生轮船公司旧址）,British,英租界,Window,窗2.png,1,W1,Arched/ornamented tendency,7.549862
WIN1258,B017,F056,汉口鄱阳街 5-11 号（汉口民生轮船公司旧址）,British,英租界,Window,窗3.png,1,W1,Arched/ornamented tendency,13.672825
WIN1259,B017,F056,汉口鄱阳街 5-11 号（汉口民生轮船公司旧址）,British,英租界,Window,窗4.png,1,W1,Arched/ornamented tendency,8.589332
WIN1260,B017,F056,汉口鄱阳街 5-11 号（汉口民生轮船公司旧址）,British,英租界,Window,窗5.png,1,W1,Arched/ornamented tendency,7.9829316
WIN1261,B017,F056,汉口鄱阳街 5-11 号（汉口民生轮船公司旧址）,British,英租界,Window,窗6.png,1,W1,Arched/ornamented tendency,9.27233
WIN1262,B017,F056,汉口鄱阳街 5-11 号（汉口民生轮船公司旧址）,British,英租界,Window,窗7.png,1,W1,Arched/ornamented tendency,8.445195
WIN1263,B017,F056,汉口鄱阳街 5-11 号（汉口民生轮船公司旧址）,British,英租界,Window,窗8.png,1,W1,Arched/ornamented tendency,10.554373
WIN1264,B017,F056,汉口鄱阳街 5-11 号（汉口民生轮船公司旧址）,British,英租界,Window,窗9.png,1,W1,Arched/ornamented tendency,8.632379
WIN1265,B015,F057,汉口电话局旧址,British,英租界,Window,窗1.png,3,W3,Rectilinear tendency,9.992698
WIN1266,B015,F057,汉口电话局旧址,British,英租界,Window,窗2.png,3,W3,Rectilinear tendency,8.931659
WIN1267,B015,F057,汉口电话局旧址,British,英租界,Window,窗3.png,3,W3,Rectilinear tendency,9.101235
WIN1268,B015,F057,汉口电话局旧址,British,英租界,Window,窗4.png,3,W3,Rectilinear tendency,9.4999895
WIN1269,B015,F057,汉口电话局旧址,British,英租界,Window,窗5.png,3,W3,Rectilinear tendency,9.365106
WIN1270,B015,F057,汉口电话局旧址,British,英租界,Window,窗6.png,3,W3,Rectilinear tendency,8.70645
WIN1271,B015,F057,汉口电话局旧址,British,英租界,Window,窗7.png,3,W3,Rectilinear tendency,9.9079895
WIN1272,B015,F057,汉口电话局旧址,British,英租界,Window,窗8.png,3,W3,Rectilinear tendency,7.402937
WIN1273,B014,F058,汉口商业银行大楼,British,英租界,Window,窗1.png,3,W3,Rectilinear tendency,7.5318527
WIN1274,B014,F058,汉口商业银行大楼,British,英租界,Window,窗10.png,3,W3,Rectilinear tendency,7.800518
WIN1275,B014,F058,汉口商业银行大楼,British,英租界,Window,窗11.png,3,W3,Rectilinear tendency,9.200708
WIN1276,B014,F058,汉口商业银行大楼,British,英租界,Window,窗12.png,3,W3,Rectilinear tendency,9.617093
WIN1277,B014,F058,汉口商业银行大楼,British,英租界,Window,窗13.png,3,W3,Rectilinear tendency,7.640888
WIN1278,B014,F058,汉口商业银行大楼,British,英租界,Window,窗2.png,3,W3,Rectilinear tendency,9.405575
WIN1279,B014,F058,汉口商业银行大楼,British,英租界,Window,窗3.png,3,W3,Rectilinear tendency,8.567234
WIN1280,B014,F058,汉口商业银行大楼,British,英租界,Window,窗4.png,2,W2,Horizontal-organization tendency,10.735028
WIN1281,B014,F058,汉口商业银行大楼,British,英租界,Window,窗5.png,2,W2,Horizontal-organization tendency,7.978145
WIN1282,B014,F058,汉口商业银行大楼,British,英租界,Window,窗6.png,3,W3,Rectilinear tendency,12.072997
WIN1283,B014,F058,汉口商业银行大楼,British,英租界,Window,窗7.png,3,W3,Rectilinear tendency,8.144616
WIN1284,B014,F058,汉口商业银行大楼,British,英租界,Window,窗8.png,3,W3,Rectilinear tendency,10.259221
WIN1285,B014,F058,汉口商业银行大楼,British,英租界,Window,窗9.png,3,W3,Rectilinear tendency,8.840749
WIN1286,B010,F059,大孚银行（汉口分行）旧址,British,英租界,Window,窗1.png,2,W2,Horizontal-organization tendency,11.170939
WIN1287,B010,F059,大孚银行（汉口分行）旧址,British,英租界,Window,窗2.png,2,W2,Horizontal-organization tendency,11.1004
WIN1288,B010,F059,大孚银行（汉口分行）旧址,British,英租界,Window,窗3.png,3,W3,Rectilinear tendency,8.672112
WIN1289,B010,F059,大孚银行（汉口分行）旧址,British,英租界,Window,窗4.png,3,W3,Rectilinear tendency,12.265331
WIN1290,B010,F059,大孚银行（汉口分行）旧址,British,英租界,Window,窗5.png,2,W2,Horizontal-organization tendency,14.844435
WIN1291,B010,F059,大孚银行（汉口分行）旧址,British,英租界,Window,窗6.png,3,W3,Rectilinear tendency,10.440273
WIN1292,B010,F059,大孚银行（汉口分行）旧址,British,英租界,Window,窗7.png,3,W3,Rectilinear tendency,8.815363
WIN1293,B010,F059,大孚银行（汉口分行）旧址,British,英租界,Window,窗8.png,3,W3,Rectilinear tendency,11.562104
WIN1294,B010,F059,大孚银行（汉口分行）旧址,British,英租界,Window,窗9.png,3,W3,Rectilinear tendency,9.33214
WIN1295,B053,F060,赞誉药房旧址,French,法租界,Window,窗1.png,3,W3,Rectilinear tendency,9.8889675
WIN1296,B053,F060,赞誉药房旧址,French,法租界,Window,窗10.png,2,W2,Horizontal-organization tendency,9.872253
WIN1297,B053,F060,赞誉药房旧址,French,法租界,Window,窗11.png,3,W3,Rectilinear tendency,7.9658637
WIN1298,B053,F060,赞誉药房旧址,French,法租界,Window,窗2.png,2,W2,Horizontal-organization tendency,10.864722
WIN1299,B053,F060,赞誉药房旧址,French,法租界,Window,窗3.png,2,W2,Horizontal-organization tendency,12.646007
WIN1300,B053,F060,赞誉药房旧址,French,法租界,Window,窗4.png,2,W2,Horizontal-organization tendency,11.497007
WIN1301,B053,F060,赞誉药房旧址,French,法租界,Window,窗5.png,2,W2,Horizontal-organization tendency,11.857246
WIN1302,B053,F060,赞誉药房旧址,French,法租界,Window,窗6.png,3,W3,Rectilinear tendency,9.276064
WIN1303,B053,F060,赞誉药房旧址,French,法租界,Window,窗7.png,3,W3,Rectilinear tendency,9.603561
WIN1304,B053,F060,赞誉药房旧址,French,法租界,Window,窗8.png,3,W3,Rectilinear tendency,9.160424
WIN1305,B053,F060,赞誉药房旧址,French,法租界,Window,窗9.png,3,W3,Rectilinear tendency,9.263706
WIN1306,B041,F061,中山大道 889 号建筑,French,法租界,Window,窗1.png,1,W1,Arched/ornamented tendency,7.8610005
WIN1307,B041,F061,中山大道 889 号建筑,French,法租界,Window,窗10.png,1,W1,Arched/ornamented tendency,13.27892
WIN1308,B041,F061,中山大道 889 号建筑,French,法租界,Window,窗2.png,3,W3,Rectilinear tendency,9.324709
WIN1309,B041,F061,中山大道 889 号建筑,French,法租界,Window,窗3.png,1,W1,Arched/ornamented tendency,11.712367
WIN1310,B041,F061,中山大道 889 号建筑,French,法租界,Window,窗4.png,1,W1,Arched/ornamented tendency,12.394693
WIN1311,B041,F061,中山大道 889 号建筑,French,法租界,Window,窗5.png,1,W1,Arched/ornamented tendency,12.879047
WIN1312,B041,F061,中山大道 889 号建筑,French,法租界,Window,窗6.png,1,W1,Arched/ornamented tendency,12.390894
WIN1313,B041,F061,中山大道 889 号建筑,French,法租界,Window,窗7.png,1,W1,Arched/ornamented tendency,11.546033
WIN1314,B041,F061,中山大道 889 号建筑,French,法租界,Window,窗8.png,3,W3,Rectilinear tendency,8.419712
WIN1315,B041,F061,中山大道 889 号建筑,French,法租界,Window,窗9.png,1,W1,Arched/ornamented tendency,12.647628
WIN1316,B040,F062,中山大道 891-903 号建筑,French,法租界,Window,窗1.png,3,W3,Rectilinear tendency,11.092055
WIN1317,B040,F062,中山大道 891-903 号建筑,French,法租界,Window,窗10.png,1,W1,Arched/ornamented tendency,8.87455
WIN1318,B040,F062,中山大道 891-903 号建筑,French,法租界,Window,窗11.png,1,W1,Arched/ornamented tendency,11.821765
WIN1319,B040,F062,中山大道 891-903 号建筑,French,法租界,Window,窗12.png,1,W1,Arched/ornamented tendency,9.607318
WIN1320,B040,F062,中山大道 891-903 号建筑,French,法租界,Window,窗2.png,1,W1,Arched/ornamented tendency,12.302346
WIN1321,B040,F062,中山大道 891-903 号建筑,French,法租界,Window,窗3.png,1,W1,Arched/ornamented tendency,9.453014
WIN1322,B040,F062,中山大道 891-903 号建筑,French,法租界,Window,窗4.png,3,W3,Rectilinear tendency,9.101222
WIN1323,B040,F062,中山大道 891-903 号建筑,French,法租界,Window,窗5.png,1,W1,Arched/ornamented tendency,9.552235
WIN1324,B040,F062,中山大道 891-903 号建筑,French,法租界,Window,窗6.png,1,W1,Arched/ornamented tendency,8.214546
WIN1325,B040,F062,中山大道 891-903 号建筑,French,法租界,Window,窗7.png,3,W3,Rectilinear tendency,8.10747
WIN1326,B040,F062,中山大道 891-903 号建筑,French,法租界,Window,窗8.png,1,W1,Arched/ornamented tendency,7.1755567
WIN1327,B040,F062,中山大道 891-903 号建筑,French,法租界,Window,窗9.png,1,W1,Arched/ornamented tendency,10.382577
WIN1328,B016,F063,汉口盐业银行大楼,British,英租界,Window,窗1.png,1,W1,Arched/ornamented tendency,11.403796
WIN1329,B016,F063,汉口盐业银行大楼,British,英租界,Window,窗10.png,1,W1,Arched/ornamented tendency,8.911479
WIN1330,B016,F063,汉口盐业银行大楼,British,英租界,Window,窗11.png,1,W1,Arched/ornamented tendency,10.204902
WIN1331,B016,F063,汉口盐业银行大楼,British,英租界,Window,窗12.png,1,W1,Arched/ornamented tendency,9.090975
WIN1332,B016,F063,汉口盐业银行大楼,British,英租界,Window,窗13.png,1,W1,Arched/ornamented tendency,8.899095
WIN1333,B016,F063,汉口盐业银行大楼,British,英租界,Window,窗14.png,1,W1,Arched/ornamented tendency,11.216484
WIN1334,B016,F063,汉口盐业银行大楼,British,英租界,Window,窗15.png,1,W1,Arched/ornamented tendency,11.0231285
WIN1335,B016,F063,汉口盐业银行大楼,British,英租界,Window,窗16.png,1,W1,Arched/ornamented tendency,10.070546
WIN1336,B016,F063,汉口盐业银行大楼,British,英租界,Window,窗17.png,1,W1,Arched/ornamented tendency,10.218762
WIN1337,B016,F063,汉口盐业银行大楼,British,英租界,Window,窗2.png,3,W3,Rectilinear tendency,11.17708
WIN1338,B016,F063,汉口盐业银行大楼,British,英租界,Window,窗3.png,3,W3,Rectilinear tendency,10.506565
WIN1339,B016,F063,汉口盐业银行大楼,British,英租界,Window,窗4.png,1,W1,Arched/ornamented tendency,8.066054
WIN1340,B016,F063,汉口盐业银行大楼,British,英租界,Window,窗5.png,1,W1,Arched/ornamented tendency,8.589372
WIN1341,B016,F063,汉口盐业银行大楼,British,英租界,Window,窗6.png,1,W1,Arched/ornamented tendency,10.826751
WIN1342,B016,F063,汉口盐业银行大楼,British,英租界,Window,窗7.png,1,W1,Arched/ornamented tendency,10.366326
WIN1343,B016,F063,汉口盐业银行大楼,British,英租界,Window,窗8.png,1,W1,Arched/ornamented tendency,8.863678
WIN1344,B016,F063,汉口盐业银行大楼,British,英租界,Window,窗9.png,1,W1,Arched/ornamented tendency,9.861077
WIN1345,B034,F064,中山大道895-897号建筑,Russian,俄租界,Window,窗1.png,3,W3,Rectilinear tendency,11.066716
WIN1346,B034,F064,中山大道895-897号建筑,Russian,俄租界,Window,窗10.png,1,W1,Arched/ornamented tendency,10.166701
WIN1347,B034,F064,中山大道895-897号建筑,Russian,俄租界,Window,窗11.png,3,W3,Rectilinear tendency,12.147836
WIN1348,B034,F064,中山大道895-897号建筑,Russian,俄租界,Window,窗12.png,1,W1,Arched/ornamented tendency,15.521596
WIN1349,B034,F064,中山大道895-897号建筑,Russian,俄租界,Window,窗13.png,1,W1,Arched/ornamented tendency,9.460128
WIN1350,B034,F064,中山大道895-897号建筑,Russian,俄租界,Window,窗14.png,1,W1,Arched/ornamented tendency,10.060175
WIN1351,B034,F064,中山大道895-897号建筑,Russian,俄租界,Window,窗15.png,1,W1,Arched/ornamented tendency,12.341668
WIN1352,B034,F064,中山大道895-897号建筑,Russian,俄租界,Window,窗16.png,1,W1,Arched/ornamented tendency,10.927778
WIN1353,B034,F064,中山大道895-897号建筑,Russian,俄租界,Window,窗17.png,1,W1,Arched/ornamented tendency,9.769923
WIN1354,B034,F064,中山大道895-897号建筑,Russian,俄租界,Window,窗18.png,1,W1,Arched/ornamented tendency,9.285554
WIN1355,B034,F064,中山大道895-897号建筑,Russian,俄租界,Window,窗19.png,1,W1,Arched/ornamented tendency,13.640268
WIN1356,B034,F064,中山大道895-897号建筑,Russian,俄租界,Window,窗2.png,2,W2,Horizontal-organization tendency,11.190206
WIN1357,B034,F064,中山大道895-897号建筑,Russian,俄租界,Window,窗20.png,1,W1,Arched/ornamented tendency,10.85907
WIN1358,B034,F064,中山大道895-897号建筑,Russian,俄租界,Window,窗21.png,3,W3,Rectilinear tendency,9.532162
WIN1359,B034,F064,中山大道895-897号建筑,Russian,俄租界,Window,窗3.png,3,W3,Rectilinear tendency,10.235618
WIN1360,B034,F064,中山大道895-897号建筑,Russian,俄租界,Window,窗4.png,3,W3,Rectilinear tendency,8.591415
WIN1361,B034,F064,中山大道895-897号建筑,Russian,俄租界,Window,窗5.png,1,W1,Arched/ornamented tendency,10.253515
WIN1362,B034,F064,中山大道895-897号建筑,Russian,俄租界,Window,窗6.png,1,W1,Arched/ornamented tendency,10.096599
WIN1363,B034,F064,中山大道895-897号建筑,Russian,俄租界,Window,窗7.png,1,W1,Arched/ornamented tendency,10.652142
WIN1364,B034,F064,中山大道895-897号建筑,Russian,俄租界,Window,窗8.png,1,W1,Arched/ornamented tendency,10.668794
WIN1365,B034,F064,中山大道895-897号建筑,Russian,俄租界,Window,窗9.png,1,W1,Arched/ornamented tendency,9.008219
WIN1366,B004,F065,中孚银行（汉口分行）旧址,British,英租界,Window,窗1.png,1,W1,Arched/ornamented tendency,11.796697
WIN1367,B004,F065,中孚银行（汉口分行）旧址,British,英租界,Window,窗2.png,1,W1,Arched/ornamented tendency,9.173638
WIN1368,B004,F065,中孚银行（汉口分行）旧址,British,英租界,Window,窗3.png,1,W1,Arched/ornamented tendency,9.6905155
WIN1369,B004,F065,中孚银行（汉口分行）旧址,British,英租界,Window,窗4.png,1,W1,Arched/ornamented tendency,12.53935
WIN1370,B004,F065,中孚银行（汉口分行）旧址,British,英租界,Window,窗5.png,3,W3,Rectilinear tendency,9.23448
WIN1371,B021,F066,上海银行汉口分行旧址（含中南银行）,British,英租界,Window,窗1.png,1,W1,Arched/ornamented tendency,9.942559
WIN1372,B021,F066,上海银行汉口分行旧址（含中南银行）,British,英租界,Window,窗10.png,1,W1,Arched/ornamented tendency,7.9390984
WIN1373,B021,F066,上海银行汉口分行旧址（含中南银行）,British,英租界,Window,窗2.png,1,W1,Arched/ornamented tendency,10.116324
WIN1374,B021,F066,上海银行汉口分行旧址（含中南银行）,British,英租界,Window,窗3.png,1,W1,Arched/ornamented tendency,12.9082775
WIN1375,B021,F066,上海银行汉口分行旧址（含中南银行）,British,英租界,Window,窗4.png,1,W1,Arched/ornamented tendency,14.834417
WIN1376,B021,F066,上海银行汉口分行旧址（含中南银行）,British,英租界,Window,窗5.png,1,W1,Arched/ornamented tendency,15.020506
WIN1377,B021,F066,上海银行汉口分行旧址（含中南银行）,British,英租界,Window,窗6.png,1,W1,Arched/ornamented tendency,11.623533
WIN1378,B021,F066,上海银行汉口分行旧址（含中南银行）,British,英租界,Window,窗7.png,1,W1,Arched/ornamented tendency,10.520761
WIN1379,B021,F066,上海银行汉口分行旧址（含中南银行）,British,英租界,Window,窗8.png,1,W1,Arched/ornamented tendency,11.618219
WIN1380,B021,F066,上海银行汉口分行旧址（含中南银行）,British,英租界,Window,窗9.png,1,W1,Arched/ornamented tendency,8.623485
WIN1381,B017,F067,汉口鄱阳街 5-11 号（汉口民生轮船公司旧址）,British,英租界,Window,窗1.png,3,W3,Rectilinear tendency,9.387444
WIN1382,B017,F067,汉口鄱阳街 5-11 号（汉口民生轮船公司旧址）,British,英租界,Window,窗10.png,3,W3,Rectilinear tendency,10.408843
WIN1383,B017,F067,汉口鄱阳街 5-11 号（汉口民生轮船公司旧址）,British,英租界,Window,窗11.png,3,W3,Rectilinear tendency,7.4237256
WIN1384,B017,F067,汉口鄱阳街 5-11 号（汉口民生轮船公司旧址）,British,英租界,Window,窗12.png,3,W3,Rectilinear tendency,9.929381
WIN1385,B017,F067,汉口鄱阳街 5-11 号（汉口民生轮船公司旧址）,British,英租界,Window,窗13.png,3,W3,Rectilinear tendency,9.6193075
WIN1386,B017,F067,汉口鄱阳街 5-11 号（汉口民生轮船公司旧址）,British,英租界,Window,窗2.png,3,W3,Rectilinear tendency,9.350528
WIN1387,B017,F067,汉口鄱阳街 5-11 号（汉口民生轮船公司旧址）,British,英租界,Window,窗3.png,3,W3,Rectilinear tendency,9.4225445
WIN1388,B017,F067,汉口鄱阳街 5-11 号（汉口民生轮船公司旧址）,British,英租界,Window,窗4.png,3,W3,Rectilinear tendency,9.174932
WIN1389,B017,F067,汉口鄱阳街 5-11 号（汉口民生轮船公司旧址）,British,英租界,Window,窗5.png,3,W3,Rectilinear tendency,10.283357
WIN1390,B017,F067,汉口鄱阳街 5-11 号（汉口民生轮船公司旧址）,British,英租界,Window,窗6.png,3,W3,Rectilinear tendency,9.591359
WIN1391,B017,F067,汉口鄱阳街 5-11 号（汉口民生轮船公司旧址）,British,英租界,Window,窗7.png,3,W3,Rectilinear tendency,7.479876
WIN1392,B017,F067,汉口鄱阳街 5-11 号（汉口民生轮船公司旧址）,British,英租界,Window,窗8.png,3,W3,Rectilinear tendency,10.372521
WIN1393,B017,F067,汉口鄱阳街 5-11 号（汉口民生轮船公司旧址）,British,英租界,Window,窗9.png,3,W3,Rectilinear tendency,8.583977
WIN1394,B040,F068,中山大道 891-903 号建筑,French,法租界,Window,窗1.png,1,W1,Arched/ornamented tendency,9.190075
WIN1395,B040,F068,中山大道 891-903 号建筑,French,法租界,Window,窗2.png,1,W1,Arched/ornamented tendency,12.942723
WIN1396,B040,F068,中山大道 891-903 号建筑,French,法租界,Window,窗3.png,1,W1,Arched/ornamented tendency,13.645258
WIN1397,B040,F068,中山大道 891-903 号建筑,French,法租界,Window,窗4.png,1,W1,Arched/ornamented tendency,11.640496
WIN1398,B040,F068,中山大道 891-903 号建筑,French,法租界,Window,窗5.png,1,W1,Arched/ornamented tendency,10.317967
WIN1399,B040,F068,中山大道 891-903 号建筑,French,法租界,Window,窗6.png,1,W1,Arched/ornamented tendency,11.150778
WIN1400,B040,F068,中山大道 891-903 号建筑,French,法租界,Window,窗7.png,3,W3,Rectilinear tendency,7.8089905
WIN1401,B040,F068,中山大道 891-903 号建筑,French,法租界,Window,窗8.png,1,W1,Arched/ornamented tendency,11.400132
WIN1402,B040,F068,中山大道 891-903 号建筑,French,法租界,Window,窗9.png,1,W1,Arched/ornamented tendency,10.502199
WIN1403,B020,F069,武汉美术馆（金城银行旧址、金城里）,British,英租界,Window,窗1.png,1,W1,Arched/ornamented tendency,10.430038
WIN1404,B020,F069,武汉美术馆（金城银行旧址、金城里）,British,英租界,Window,窗10.png,1,W1,Arched/ornamented tendency,11.770617
WIN1405,B020,F069,武汉美术馆（金城银行旧址、金城里）,British,英租界,Window,窗11.png,1,W1,Arched/ornamented tendency,10.667286
WIN1406,B020,F069,武汉美术馆（金城银行旧址、金城里）,British,英租界,Window,窗2.png,1,W1,Arched/ornamented tendency,13.028408
WIN1407,B020,F069,武汉美术馆（金城银行旧址、金城里）,British,英租界,Window,窗3.png,1,W1,Arched/ornamented tendency,12.140499
WIN1408,B020,F069,武汉美术馆（金城银行旧址、金城里）,British,英租界,Window,窗4.png,1,W1,Arched/ornamented tendency,12.074446
WIN1409,B020,F069,武汉美术馆（金城银行旧址、金城里）,British,英租界,Window,窗5.png,1,W1,Arched/ornamented tendency,11.821866
WIN1410,B020,F069,武汉美术馆（金城银行旧址、金城里）,British,英租界,Window,窗6.png,1,W1,Arched/ornamented tendency,12.984852
WIN1411,B020,F069,武汉美术馆（金城银行旧址、金城里）,British,英租界,Window,窗7.png,1,W1,Arched/ornamented tendency,10.192844
WIN1412,B020,F069,武汉美术馆（金城银行旧址、金城里）,British,英租界,Window,窗8.png,1,W1,Arched/ornamented tendency,9.06216
WIN1413,B020,F069,武汉美术馆（金城银行旧址、金城里）,British,英租界,Window,窗9.png,1,W1,Arched/ornamented tendency,9.094009
WIN1414,B003,F070,浙江实业银行（汉口分行）旧址,British,英租界,Window,窗1.png,3,W3,Rectilinear tendency,10.068552
WIN1415,B003,F070,浙江实业银行（汉口分行）旧址,British,英租界,Window,窗2.png,3,W3,Rectilinear tendency,9.394975
WIN1416,B003,F070,浙江实业银行（汉口分行）旧址,British,英租界,Window,窗3.png,3,W3,Rectilinear tendency,11.226517
WIN1417,B003,F070,浙江实业银行（汉口分行）旧址,British,英租界,Window,窗4.png,3,W3,Rectilinear tendency,11.475881
WIN1418,B003,F070,浙江实业银行（汉口分行）旧址,British,英租界,Window,窗5.png,3,W3,Rectilinear tendency,10.951248
WIN1419,B001,F071,大陆坊、大陆银行（汉口分行）,British,英租界,Window,窗1.png,3,W3,Rectilinear tendency,7.7001348
WIN1420,B001,F071,大陆坊、大陆银行（汉口分行）,British,英租界,Window,窗10.png,2,W2,Horizontal-organization tendency,12.323328
WIN1421,B001,F071,大陆坊、大陆银行（汉口分行）,British,英租界,Window,窗11.png,1,W1,Arched/ornamented tendency,11.853203
WIN1422,B001,F071,大陆坊、大陆银行（汉口分行）,British,英租界,Window,窗12.png,1,W1,Arched/ornamented tendency,10.498341
WIN1423,B001,F071,大陆坊、大陆银行（汉口分行）,British,英租界,Window,窗13.png,3,W3,Rectilinear tendency,12.3561535
WIN1424,B001,F071,大陆坊、大陆银行（汉口分行）,British,英租界,Window,窗14.png,2,W2,Horizontal-organization tendency,15.213351
WIN1425,B001,F071,大陆坊、大陆银行（汉口分行）,British,英租界,Window,窗15.png,2,W2,Horizontal-organization tendency,10.335378
WIN1426,B001,F071,大陆坊、大陆银行（汉口分行）,British,英租界,Window,窗16.png,3,W3,Rectilinear tendency,8.901066
WIN1427,B001,F071,大陆坊、大陆银行（汉口分行）,British,英租界,Window,窗17.png,2,W2,Horizontal-organization tendency,12.870793
WIN1428,B001,F071,大陆坊、大陆银行（汉口分行）,British,英租界,Window,窗18.png,1,W1,Arched/ornamented tendency,10.101359
WIN1429,B001,F071,大陆坊、大陆银行（汉口分行）,British,英租界,Window,窗19.png,1,W1,Arched/ornamented tendency,8.81894
WIN1430,B001,F071,大陆坊、大陆银行（汉口分行）,British,英租界,Window,窗2.png,3,W3,Rectilinear tendency,7.197563
WIN1431,B001,F071,大陆坊、大陆银行（汉口分行）,British,英租界,Window,窗20.png,1,W1,Arched/ornamented tendency,11.332392
WIN1432,B001,F071,大陆坊、大陆银行（汉口分行）,British,英租界,Window,窗21.png,1,W1,Arched/ornamented tendency,11.691324
WIN1433,B001,F071,大陆坊、大陆银行（汉口分行）,British,英租界,Window,窗22.png,3,W3,Rectilinear tendency,11.149731
WIN1434,B001,F071,大陆坊、大陆银行（汉口分行）,British,英租界,Window,窗23.png,3,W3,Rectilinear tendency,9.02268
WIN1435,B001,F071,大陆坊、大陆银行（汉口分行）,British,英租界,Window,窗24.png,2,W2,Horizontal-organization tendency,7.621615
WIN1436,B001,F071,大陆坊、大陆银行（汉口分行）,British,英租界,Window,窗25.png,2,W2,Horizontal-organization tendency,12.242229
WIN1437,B001,F071,大陆坊、大陆银行（汉口分行）,British,英租界,Window,窗26.png,2,W2,Horizontal-organization tendency,8.068825
WIN1438,B001,F071,大陆坊、大陆银行（汉口分行）,British,英租界,Window,窗27.png,2,W2,Horizontal-organization tendency,10.651086
WIN1439,B001,F071,大陆坊、大陆银行（汉口分行）,British,英租界,Window,窗3.png,3,W3,Rectilinear tendency,6.4366965
WIN1440,B001,F071,大陆坊、大陆银行（汉口分行）,British,英租界,Window,窗4.png,3,W3,Rectilinear tendency,5.981674
WIN1441,B001,F071,大陆坊、大陆银行（汉口分行）,British,英租界,Window,窗5.png,3,W3,Rectilinear tendency,8.502582
WIN1442,B001,F071,大陆坊、大陆银行（汉口分行）,British,英租界,Window,窗6.png,3,W3,Rectilinear tendency,8.291907
WIN1443,B001,F071,大陆坊、大陆银行（汉口分行）,British,英租界,Window,窗7.png,1,W1,Arched/ornamented tendency,12.621456
WIN1444,B001,F071,大陆坊、大陆银行（汉口分行）,British,英租界,Window,窗8.png,1,W1,Arched/ornamented tendency,11.493426
WIN1445,B001,F071,大陆坊、大陆银行（汉口分行）,British,英租界,Window,窗9.png,1,W1,Arched/ornamented tendency,9.936819
WIN1446,B041,F072,中山大道 889 号建筑,French,法租界,Window,窗1.png,3,W3,Rectilinear tendency,9.614448
WIN1447,B041,F072,中山大道 889 号建筑,French,法租界,Window,窗10.png,2,W2,Horizontal-organization tendency,12.526113
WIN1448,B041,F072,中山大道 889 号建筑,French,法租界,Window,窗11.png,3,W3,Rectilinear tendency,7.4254603
WIN1449,B041,F072,中山大道 889 号建筑,French,法租界,Window,窗12.png,2,W2,Horizontal-organization tendency,11.055035
WIN1450,B041,F072,中山大道 889 号建筑,French,法租界,Window,窗13.png,2,W2,Horizontal-organization tendency,9.937095
WIN1451,B041,F072,中山大道 889 号建筑,French,法租界,Window,窗14.png,2,W2,Horizontal-organization tendency,10.295948
WIN1452,B041,F072,中山大道 889 号建筑,French,法租界,Window,窗15.png,2,W2,Horizontal-organization tendency,11.996503
WIN1453,B041,F072,中山大道 889 号建筑,French,法租界,Window,窗16.png,2,W2,Horizontal-organization tendency,12.751369
WIN1454,B041,F072,中山大道 889 号建筑,French,法租界,Window,窗17.png,2,W2,Horizontal-organization tendency,11.948169
WIN1455,B041,F072,中山大道 889 号建筑,French,法租界,Window,窗18.png,2,W2,Horizontal-organization tendency,11.842252
WIN1456,B041,F072,中山大道 889 号建筑,French,法租界,Window,窗19.png,2,W2,Horizontal-organization tendency,10.539247
WIN1457,B041,F072,中山大道 889 号建筑,French,法租界,Window,窗2.png,3,W3,Rectilinear tendency,9.939289
WIN1458,B041,F072,中山大道 889 号建筑,French,法租界,Window,窗20.png,2,W2,Horizontal-organization tendency,12.936818
WIN1459,B041,F072,中山大道 889 号建筑,French,法租界,Window,窗3.png,3,W3,Rectilinear tendency,11.005034
WIN1460,B041,F072,中山大道 889 号建筑,French,法租界,Window,窗4.png,3,W3,Rectilinear tendency,10.231316
WIN1461,B041,F072,中山大道 889 号建筑,French,法租界,Window,窗5.png,3,W3,Rectilinear tendency,10.236697
WIN1462,B041,F072,中山大道 889 号建筑,French,法租界,Window,窗6.png,3,W3,Rectilinear tendency,13.0345545
WIN1463,B041,F072,中山大道 889 号建筑,French,法租界,Window,窗7.png,3,W3,Rectilinear tendency,10.826513
WIN1464,B041,F072,中山大道 889 号建筑,French,法租界,Window,窗8.png,3,W3,Rectilinear tendency,11.664574
WIN1465,B041,F072,中山大道 889 号建筑,French,法租界,Window,窗9.png,3,W3,Rectilinear tendency,10.770207
WIN1466,B046,F073,洞庭街 91-97 号建筑,French,法租界,Window,窗1.png,3,W3,Rectilinear tendency,10.930875
WIN1467,B046,F073,洞庭街 91-97 号建筑,French,法租界,Window,窗10.png,3,W3,Rectilinear tendency,10.00977
WIN1468,B046,F073,洞庭街 91-97 号建筑,French,法租界,Window,窗2.png,1,W1,Arched/ornamented tendency,12.62997
WIN1469,B046,F073,洞庭街 91-97 号建筑,French,法租界,Window,窗3.png,1,W1,Arched/ornamented tendency,14.3136015
WIN1470,B046,F073,洞庭街 91-97 号建筑,French,法租界,Window,窗4.png,1,W1,Arched/ornamented tendency,9.597479
WIN1471,B046,F073,洞庭街 91-97 号建筑,French,法租界,Window,窗5.png,3,W3,Rectilinear tendency,7.5321164
WIN1472,B046,F073,洞庭街 91-97 号建筑,French,法租界,Window,窗6.png,1,W1,Arched/ornamented tendency,9.115547
WIN1473,B046,F073,洞庭街 91-97 号建筑,French,法租界,Window,窗7.png,3,W3,Rectilinear tendency,9.730161
WIN1474,B046,F073,洞庭街 91-97 号建筑,French,法租界,Window,窗8.png,3,W3,Rectilinear tendency,13.586392
WIN1475,B046,F073,洞庭街 91-97 号建筑,French,法租界,Window,窗9.png,3,W3,Rectilinear tendency,11.940347
WIN1476,B008,F074,汉润里,British,英租界,Window,窗1.png,3,W3,Rectilinear tendency,8.502613
WIN1477,B008,F074,汉润里,British,英租界,Window,窗2.png,3,W3,Rectilinear tendency,11.04988
WIN1478,B008,F074,汉润里,British,英租界,Window,窗3.png,3,W3,Rectilinear tendency,8.697586
WIN1479,B008,F074,汉润里,British,英租界,Window,窗4.png,3,W3,Rectilinear tendency,8.644688
WIN1480,B008,F074,汉润里,British,英租界,Window,窗5.png,3,W3,Rectilinear tendency,9.084204
WIN1481,B008,F074,汉润里,British,英租界,Window,窗6.png,3,W3,Rectilinear tendency,8.338614
WIN1482,B017,F075,汉口鄱阳街 5-11 号（汉口民生轮船公司旧址）,British,英租界,Window,窗1.png,3,W3,Rectilinear tendency,10.070408
WIN1483,B017,F075,汉口鄱阳街 5-11 号（汉口民生轮船公司旧址）,British,英租界,Window,窗10.png,2,W2,Horizontal-organization tendency,12.296522
WIN1484,B017,F075,汉口鄱阳街 5-11 号（汉口民生轮船公司旧址）,British,英租界,Window,窗11.png,3,W3,Rectilinear tendency,10.422237
WIN1485,B017,F075,汉口鄱阳街 5-11 号（汉口民生轮船公司旧址）,British,英租界,Window,窗12.png,3,W3,Rectilinear tendency,10.3730135
WIN1486,B017,F075,汉口鄱阳街 5-11 号（汉口民生轮船公司旧址）,British,英租界,Window,窗13.png,3,W3,Rectilinear tendency,9.202142
WIN1487,B017,F075,汉口鄱阳街 5-11 号（汉口民生轮船公司旧址）,British,英租界,Window,窗14.png,3,W3,Rectilinear tendency,9.414743
WIN1488,B017,F075,汉口鄱阳街 5-11 号（汉口民生轮船公司旧址）,British,英租界,Window,窗15.png,3,W3,Rectilinear tendency,7.725914
WIN1489,B017,F075,汉口鄱阳街 5-11 号（汉口民生轮船公司旧址）,British,英租界,Window,窗16.png,3,W3,Rectilinear tendency,8.838105
WIN1490,B017,F075,汉口鄱阳街 5-11 号（汉口民生轮船公司旧址）,British,英租界,Window,窗17.png,3,W3,Rectilinear tendency,10.018049
WIN1491,B017,F075,汉口鄱阳街 5-11 号（汉口民生轮船公司旧址）,British,英租界,Window,窗18.png,3,W3,Rectilinear tendency,11.510269
WIN1492,B017,F075,汉口鄱阳街 5-11 号（汉口民生轮船公司旧址）,British,英租界,Window,窗19.png,3,W3,Rectilinear tendency,12.349465
WIN1493,B017,F075,汉口鄱阳街 5-11 号（汉口民生轮船公司旧址）,British,英租界,Window,窗2.png,3,W3,Rectilinear tendency,10.034338
WIN1494,B017,F075,汉口鄱阳街 5-11 号（汉口民生轮船公司旧址）,British,英租界,Window,窗3.png,3,W3,Rectilinear tendency,9.730934
WIN1495,B017,F075,汉口鄱阳街 5-11 号（汉口民生轮船公司旧址）,British,英租界,Window,窗4.png,3,W3,Rectilinear tendency,9.389924
WIN1496,B017,F075,汉口鄱阳街 5-11 号（汉口民生轮船公司旧址）,British,英租界,Window,窗5.png,3,W3,Rectilinear tendency,8.881369
WIN1497,B017,F075,汉口鄱阳街 5-11 号（汉口民生轮船公司旧址）,British,英租界,Window,窗6.png,3,W3,Rectilinear tendency,7.706887
WIN1498,B017,F075,汉口鄱阳街 5-11 号（汉口民生轮船公司旧址）,British,英租界,Window,窗7.png,3,W3,Rectilinear tendency,8.09546
WIN1499,B017,F075,汉口鄱阳街 5-11 号（汉口民生轮船公司旧址）,British,英租界,Window,窗8.png,3,W3,Rectilinear tendency,7.305838
WIN1500,B017,F075,汉口鄱阳街 5-11 号（汉口民生轮船公司旧址）,British,英租界,Window,窗9.png,3,W3,Rectilinear tendency,11.676749
WIN1501,B012,F076,中共中央领导人汉口驻地旧址,British,英租界,Window,窗1.png,3,W3,Rectilinear tendency,7.593026
WIN1502,B012,F076,中共中央领导人汉口驻地旧址,British,英租界,Window,窗10.png,3,W3,Rectilinear tendency,16.515432
WIN1503,B012,F076,中共中央领导人汉口驻地旧址,British,英租界,Window,窗11.png,3,W3,Rectilinear tendency,16.375875
WIN1504,B012,F076,中共中央领导人汉口驻地旧址,British,英租界,Window,窗12.png,3,W3,Rectilinear tendency,15.385326
WIN1505,B012,F076,中共中央领导人汉口驻地旧址,British,英租界,Window,窗13.png,2,W2,Horizontal-organization tendency,13.956554
WIN1506,B012,F076,中共中央领导人汉口驻地旧址,British,英租界,Window,窗2.png,3,W3,Rectilinear tendency,9.259285
WIN1507,B012,F076,中共中央领导人汉口驻地旧址,British,英租界,Window,窗3.png,2,W2,Horizontal-organization tendency,12.822562
WIN1508,B012,F076,中共中央领导人汉口驻地旧址,British,英租界,Window,窗4.png,2,W2,Horizontal-organization tendency,13.664426
WIN1509,B012,F076,中共中央领导人汉口驻地旧址,British,英租界,Window,窗5.png,2,W2,Horizontal-organization tendency,13.916283
WIN1510,B012,F076,中共中央领导人汉口驻地旧址,British,英租界,Window,窗6.png,2,W2,Horizontal-organization tendency,13.811571
WIN1511,B012,F076,中共中央领导人汉口驻地旧址,British,英租界,Window,窗7.png,2,W2,Horizontal-organization tendency,11.846345
WIN1512,B012,F076,中共中央领导人汉口驻地旧址,British,英租界,Window,窗8.png,2,W2,Horizontal-organization tendency,11.780519
WIN1513,B012,F076,中共中央领导人汉口驻地旧址,British,英租界,Window,窗9.png,3,W3,Rectilinear tendency,16.349226
WIN1514,B037,F077,汉口国民政府外交部旧址,French,法租界,Window,窗1.png,3,W3,Rectilinear tendency,9.47341
WIN1515,B037,F077,汉口国民政府外交部旧址,French,法租界,Window,窗2.png,2,W2,Horizontal-organization tendency,11.792378
WIN1516,B037,F077,汉口国民政府外交部旧址,French,法租界,Window,窗3.png,2,W2,Horizontal-organization tendency,10.712263
WIN1517,B037,F077,汉口国民政府外交部旧址,French,法租界,Window,窗4.png,2,W2,Horizontal-organization tendency,10.626364
WIN1518,B037,F077,汉口国民政府外交部旧址,French,法租界,Window,窗5.png,3,W3,Rectilinear tendency,9.344195
WIN1519,B037,F077,汉口国民政府外交部旧址,French,法租界,Window,窗6.png,3,W3,Rectilinear tendency,8.414673
WIN1520,B037,F077,汉口国民政府外交部旧址,French,法租界,Window,窗7.png,2,W2,Horizontal-organization tendency,9.966954
WIN1521,B037,F077,汉口国民政府外交部旧址,French,法租界,Window,窗8.png,2,W2,Horizontal-organization tendency,10.862856
WIN1522,B037,F077,汉口国民政府外交部旧址,French,法租界,Window,窗9.png,2,W2,Horizontal-organization tendency,10.666961
DOR0001,B009,F001,叶蓬公馆旧址,British,英租界,Door,门1.png,2,D2,Conventional door-leaf grouping,11.164273
DOR0002,B009,F001,叶蓬公馆旧址,British,英租界,Door,门2.png,2,D2,Conventional door-leaf grouping,12.749155
DOR0003,B009,F001,叶蓬公馆旧址,British,英租界,Door,门3.png,2,D2,Conventional door-leaf grouping,12.504977
DOR0004,B009,F001,叶蓬公馆旧址,British,英租界,Door,门4.png,2,D2,Conventional door-leaf grouping,12.67269
DOR0005,B009,F001,叶蓬公馆旧址,British,英租界,Door,门5.png,2,D2,Conventional door-leaf grouping,10.836459
DOR0006,B031,F002,胜利街 112-114 号建筑,Russian,俄租界,Door,门1.png,2,D2,Conventional door-leaf grouping,10.538914
DOR0007,B031,F002,胜利街 112-114 号建筑,Russian,俄租界,Door,门2.png,2,D2,Conventional door-leaf grouping,17.899628
DOR0008,B031,F002,胜利街 112-114 号建筑,Russian,俄租界,Door,门3.png,2,D2,Conventional door-leaf grouping,9.7550745
DOR0009,B031,F002,胜利街 112-114 号建筑,Russian,俄租界,Door,门4.png,2,D2,Conventional door-leaf grouping,10.626108
DOR0010,B031,F003,胜利街 112-114 号建筑,Russian,俄租界,Door,门1.png,2,D2,Conventional door-leaf grouping,11.263447
DOR0011,B031,F004,胜利街 112-114 号建筑,Russian,俄租界,Door,门1.png,2,D2,Conventional door-leaf grouping,12.529956
DOR0012,B039,F005,邮局职员宿舍,French,法租界,Door,门1.png,2,D2,Conventional door-leaf grouping,12.434792
DOR0013,B023,F006,周星堂公馆,Russian,俄租界,Door,门1.png,2,D2,Conventional door-leaf grouping,8.328895
DOR0014,B023,F006,周星堂公馆,Russian,俄租界,Door,门2.png,2,D2,Conventional door-leaf grouping,8.462917
DOR0015,B023,F006,周星堂公馆,Russian,俄租界,Door,门3.png,2,D2,Conventional door-leaf grouping,10.286451
DOR0016,B023,F006,周星堂公馆,Russian,俄租界,Door,门4.png,2,D2,Conventional door-leaf grouping,9.614679
DOR0017,B023,F006,周星堂公馆,Russian,俄租界,Door,门5.png,2,D2,Conventional door-leaf grouping,15.828177
DOR0018,B023,F006,周星堂公馆,Russian,俄租界,Door,门6.png,2,D2,Conventional door-leaf grouping,9.077813
DOR0019,B023,F007,周星堂公馆,Russian,俄租界,Door,门1.png,2,D2,Conventional door-leaf grouping,11.650916
DOR0020,B023,F007,周星堂公馆,Russian,俄租界,Door,门2.png,2,D2,Conventional door-leaf grouping,9.38098
DOR0021,B023,F008,周星堂公馆,Russian,俄租界,Door,门1.png,2,D2,Conventional door-leaf grouping,10.213399
DOR0022,B023,F008,周星堂公馆,Russian,俄租界,Door,门2.png,2,D2,Conventional door-leaf grouping,12.468105
DOR0023,B043,F009,洞庭街 38-40 号建筑,French,法租界,Door,门1.png,2,D2,Conventional door-leaf grouping,17.793156
DOR0024,B043,F009,洞庭街 38-40 号建筑,French,法租界,Door,门2.png,2,D2,Conventional door-leaf grouping,8.82009
DOR0025,B043,F009,洞庭街 38-40 号建筑,French,法租界,Door,门3.png,2,D2,Conventional door-leaf grouping,9.587667
DOR0026,B043,F009,洞庭街 38-40 号建筑,French,法租界,Door,门4.png,2,D2,Conventional door-leaf grouping,10.472456
DOR0027,B043,F009,洞庭街 38-40 号建筑,French,法租界,Door,门5.png,2,D2,Conventional door-leaf grouping,14.020573
DOR0028,B043,F009,洞庭街 38-40 号建筑,French,法租界,Door,门6.png,2,D2,Conventional door-leaf grouping,18.357712
DOR0029,B002,F010,中央信托局汉口分局旧址,British,英租界,Door,门1.png,2,D2,Conventional door-leaf grouping,9.459859
DOR0030,B002,F010,中央信托局汉口分局旧址,British,英租界,Door,门2.png,2,D2,Conventional door-leaf grouping,13.206093
DOR0031,B002,F010,中央信托局汉口分局旧址,British,英租界,Door,门3.png,2,D2,Conventional door-leaf grouping,11.567364
DOR0032,B002,F010,中央信托局汉口分局旧址,British,英租界,Door,门4.png,2,D2,Conventional door-leaf grouping,11.750022
DOR0033,B002,F010,中央信托局汉口分局旧址,British,英租界,Door,门5.png,2,D2,Conventional door-leaf grouping,14.899194
DOR0034,B002,F010,中央信托局汉口分局旧址,British,英租界,Door,门6.png,2,D2,Conventional door-leaf grouping,9.225794
DOR0035,B044,F011,关麟书旧宅,French,法租界,Door,门1.png,2,D2,Conventional door-leaf grouping,9.940407
DOR0036,B044,F011,关麟书旧宅,French,法租界,Door,门2.png,2,D2,Conventional door-leaf grouping,16.741318
DOR0037,B044,F011,关麟书旧宅,French,法租界,Door,门3.png,2,D2,Conventional door-leaf grouping,8.999346
DOR0038,B005,F012,老沙逊洋行仓库,British,英租界,Door,门1.png,2,D2,Conventional door-leaf grouping,12.185551
DOR0039,B005,F012,老沙逊洋行仓库,British,英租界,Door,门2.png,2,D2,Conventional door-leaf grouping,10.906474
DOR0040,B005,F012,老沙逊洋行仓库,British,英租界,Door,门3.png,2,D2,Conventional door-leaf grouping,8.954173
DOR0041,B005,F012,老沙逊洋行仓库,British,英租界,Door,门4.png,2,D2,Conventional door-leaf grouping,10.338086
DOR0042,B005,F012,老沙逊洋行仓库,British,英租界,Door,门5.png,2,D2,Conventional door-leaf grouping,10.646784
DOR0043,B045,F013,涂堃山公馆,French,法租界,Door,门1.png,2,D2,Conventional door-leaf grouping,10.77691
DOR0044,B045,F013,涂堃山公馆,French,法租界,Door,门2.png,2,D2,Conventional door-leaf grouping,9.729772
DOR0045,B018,F014,保安洋行旧址,British,英租界,Door,门1.png,2,D2,Conventional door-leaf grouping,9.944613
DOR0046,B018,F015,保安洋行旧址,British,英租界,Door,门1.png,2,D2,Conventional door-leaf grouping,12.289849
DOR0047,B006,F016,沿江大道 140 号（太吉洋行汉口分行）,British,英租界,Door,门1.png,2,D2,Conventional door-leaf grouping,9.921918
DOR0048,B019,F017,保顺洋行旧址,British,英租界,Door,门1.png,2,D2,Conventional door-leaf grouping,17.220879
DOR0049,B019,F017,保顺洋行旧址,British,英租界,Door,门2.png,2,D2,Conventional door-leaf grouping,17.023205
DOR0050,B019,F017,保顺洋行旧址,British,英租界,Door,门3.png,2,D2,Conventional door-leaf grouping,8.721474
DOR0051,B019,F017,保顺洋行旧址,British,英租界,Door,门4.png,2,D2,Conventional door-leaf grouping,17.550928
DOR0052,B019,F017,保顺洋行旧址,British,英租界,Door,门5.png,2,D2,Conventional door-leaf grouping,11.649786
DOR0053,B019,F017,保顺洋行旧址,British,英租界,Door,门6.png,2,D2,Conventional door-leaf grouping,10.147448
DOR0054,B019,F017,保顺洋行旧址,British,英租界,Door,门7.png,2,D2,Conventional door-leaf grouping,8.4693575
DOR0055,B013,F018,汉口汇丰银行大楼,British,英租界,Door,门1.png,2,D2,Conventional door-leaf grouping,11.760358
DOR0056,B013,F018,汉口汇丰银行大楼,British,英租界,Door,门10.png,2,D2,Conventional door-leaf grouping,12.4267025
DOR0057,B013,F018,汉口汇丰银行大楼,British,英租界,Door,门11.png,2,D2,Conventional door-leaf grouping,12.112503
DOR0058,B013,F018,汉口汇丰银行大楼,British,英租界,Door,门12.png,2,D2,Conventional door-leaf grouping,14.579957
DOR0059,B013,F018,汉口汇丰银行大楼,British,英租界,Door,门13.png,2,D2,Conventional door-leaf grouping,10.841435
DOR0060,B013,F018,汉口汇丰银行大楼,British,英租界,Door,门14.png,2,D2,Conventional door-leaf grouping,11.775686
DOR0061,B013,F018,汉口汇丰银行大楼,British,英租界,Door,门15.png,2,D2,Conventional door-leaf grouping,11.204311
DOR0062,B013,F018,汉口汇丰银行大楼,British,英租界,Door,门16.png,2,D2,Conventional door-leaf grouping,11.16016
DOR0063,B013,F018,汉口汇丰银行大楼,British,英租界,Door,门17.png,2,D2,Conventional door-leaf grouping,11.5171995
DOR0064,B013,F018,汉口汇丰银行大楼,British,英租界,Door,门18.png,2,D2,Conventional door-leaf grouping,10.254871
DOR0065,B013,F018,汉口汇丰银行大楼,British,英租界,Door,门19.png,2,D2,Conventional door-leaf grouping,10.497939
DOR0066,B013,F018,汉口汇丰银行大楼,British,英租界,Door,门2.png,2,D2,Conventional door-leaf grouping,8.571974
DOR0067,B013,F018,汉口汇丰银行大楼,British,英租界,Door,门20.png,2,D2,Conventional door-leaf grouping,9.368631
DOR0068,B013,F018,汉口汇丰银行大楼,British,英租界,Door,门3.png,2,D2,Conventional door-leaf grouping,9.559432
DOR0069,B013,F018,汉口汇丰银行大楼,British,英租界,Door,门4.png,2,D2,Conventional door-leaf grouping,11.473209
DOR0070,B013,F018,汉口汇丰银行大楼,British,英租界,Door,门5.png,2,D2,Conventional door-leaf grouping,10.802888
DOR0071,B013,F018,汉口汇丰银行大楼,British,英租界,Door,门6.png,2,D2,Conventional door-leaf grouping,9.765429
DOR0072,B013,F018,汉口汇丰银行大楼,British,英租界,Door,门7.png,2,D2,Conventional door-leaf grouping,11.758337
DOR0073,B013,F018,汉口汇丰银行大楼,British,英租界,Door,门8.png,2,D2,Conventional door-leaf grouping,13.680856
DOR0074,B013,F018,汉口汇丰银行大楼,British,英租界,Door,门9.png,2,D2,Conventional door-leaf grouping,13.30276
DOR0075,B007,F019,沿江大道 144 号建筑,British,英租界,Door,门1.png,2,D2,Conventional door-leaf grouping,9.671586
DOR0076,B033,F020,汉口美国领事馆旧址,Russian,俄租界,Door,门1.png,2,D2,Conventional door-leaf grouping,10.333147
DOR0077,B033,F020,汉口美国领事馆旧址,Russian,俄租界,Door,门2.png,2,D2,Conventional door-leaf grouping,12.9208555
DOR0078,B025,F021,高氏老宅,Russian,俄租界,Door,门1.png,2,D2,Conventional door-leaf grouping,8.698398
DOR0079,B030,F022,东方汇理银行汉口支行旧址,Russian,俄租界,Door,门1.png,1,D1,Shutter/grille-feature grouping,10.40329
DOR0080,B030,F022,东方汇理银行汉口支行旧址,Russian,俄租界,Door,门2.png,2,D2,Conventional door-leaf grouping,11.279184
DOR0081,B030,F022,东方汇理银行汉口支行旧址,Russian,俄租界,Door,门3.png,2,D2,Conventional door-leaf grouping,11.773183
DOR0082,B029,F023,汉口俄国总领事馆大楼,Russian,俄租界,Door,门1.png,2,D2,Conventional door-leaf grouping,14.222182
DOR0083,B029,F023,汉口俄国总领事馆大楼,Russian,俄租界,Door,门2.png,2,D2,Conventional door-leaf grouping,14.039727
DOR0084,B029,F023,汉口俄国总领事馆大楼,Russian,俄租界,Door,门3.png,2,D2,Conventional door-leaf grouping,15.89876
DOR0085,B029,F023,汉口俄国总领事馆大楼,Russian,俄租界,Door,门4.png,2,D2,Conventional door-leaf grouping,13.795389
DOR0086,B029,F023,汉口俄国总领事馆大楼,Russian,俄租界,Door,门5.png,2,D2,Conventional door-leaf grouping,10.527326
DOR0087,B029,F023,汉口俄国总领事馆大楼,Russian,俄租界,Door,门6.png,2,D2,Conventional door-leaf grouping,10.639835
DOR0088,B029,F024,汉口俄国总领事馆大楼,Russian,俄租界,Door,门1.png,2,D2,Conventional door-leaf grouping,12.830295
DOR0089,B029,F024,汉口俄国总领事馆大楼,Russian,俄租界,Door,门2.png,2,D2,Conventional door-leaf grouping,13.104745
DOR0090,B029,F024,汉口俄国总领事馆大楼,Russian,俄租界,Door,门3.png,2,D2,Conventional door-leaf grouping,10.7332325
DOR0091,B026,F025,沿江大道 163 号建筑,Russian,俄租界,Door,门1.png,2,D2,Conventional door-leaf grouping,13.302796
DOR0092,B026,F025,沿江大道 163 号建筑,Russian,俄租界,Door,门2.png,2,D2,Conventional door-leaf grouping,8.746696
DOR0093,B027,F026,国营招商局汉口分局,Russian,俄租界,Door,门1.png,2,D2,Conventional door-leaf grouping,15.193402
DOR0094,B036,F027,武汉中共中央机关旧址纪念馆,Russian,俄租界,Door,门1.png,2,D2,Conventional door-leaf grouping,9.4927225
DOR0095,B036,F027,武汉中共中央机关旧址纪念馆,Russian,俄租界,Door,门2.png,2,D2,Conventional door-leaf grouping,8.639282
DOR0096,B036,F027,武汉中共中央机关旧址纪念馆,Russian,俄租界,Door,门3.png,2,D2,Conventional door-leaf grouping,9.683227
DOR0097,B036,F027,武汉中共中央机关旧址纪念馆,Russian,俄租界,Door,门4.png,2,D2,Conventional door-leaf grouping,8.914068
DOR0098,B036,F027,武汉中共中央机关旧址纪念馆,Russian,俄租界,Door,门5.png,2,D2,Conventional door-leaf grouping,13.23509
DOR0099,B036,F027,武汉中共中央机关旧址纪念馆,Russian,俄租界,Door,门6.png,2,D2,Conventional door-leaf grouping,13.306116
DOR0100,B028,F028,三北轮船公司办公楼,Russian,俄租界,Door,门1.png,1,D1,Shutter/grille-feature grouping,14.872779
DOR0101,B022,F029,怡和洋行住宅,Russian,俄租界,Door,门1.png,2,D2,Conventional door-leaf grouping,12.999561
DOR0102,B022,F029,怡和洋行住宅,Russian,俄租界,Door,门2.png,2,D2,Conventional door-leaf grouping,15.48543
DOR0103,B032,F030,汉口俄租界巡捕房旧址,Russian,俄租界,Door,门1.png,2,D2,Conventional door-leaf grouping,8.698399
DOR0104,B042,F031,市政府礼堂（原法国市政厅）,French,法租界,Door,门1.png,2,D2,Conventional door-leaf grouping,10.156943
DOR0105,B042,F031,市政府礼堂（原法国市政厅）,French,法租界,Door,门2.png,2,D2,Conventional door-leaf grouping,10.758946
DOR0106,B042,F031,市政府礼堂（原法国市政厅）,French,法租界,Door,门3.png,2,D2,Conventional door-leaf grouping,10.520586
DOR0107,B052,F032,铁路饭店,French,法租界,Door,门1.png,2,D2,Conventional door-leaf grouping,19.313562
DOR0108,B051,F033,平汉铁路局宿舍,French,法租界,Door,门1.png,2,D2,Conventional door-leaf grouping,11.141561
DOR0109,B051,F034,平汉铁路局宿舍,French,法租界,Door,门1.png,2,D2,Conventional door-leaf grouping,11.256355
DOR0110,B050,F035,胜利街 237-243 号建筑,French,法租界,Door,门1.png,2,D2,Conventional door-leaf grouping,10.274758
DOR0111,B049,F036,德明饭店,French,法租界,Door,门1.png,2,D2,Conventional door-leaf grouping,18.04494
DOR0112,B048,F037,周苍柏公馆,French,法租界,Door,门1.png,2,D2,Conventional door-leaf grouping,12.989891
DOR0113,B048,F037,周苍柏公馆,French,法租界,Door,门2.png,2,D2,Conventional door-leaf grouping,12.608809
DOR0114,B048,F037,周苍柏公馆,French,法租界,Door,门3.png,2,D2,Conventional door-leaf grouping,11.815444
DOR0115,B048,F037,周苍柏公馆,French,法租界,Door,门4.png,2,D2,Conventional door-leaf grouping,12.723828
DOR0116,B048,F037,周苍柏公馆,French,法租界,Door,门5.png,2,D2,Conventional door-leaf grouping,12.2203045
DOR0117,B024,F038,五花宾馆,Russian,俄租界,Door,门1.png,2,D2,Conventional door-leaf grouping,12.562488
DOR0118,B024,F038,五花宾馆,Russian,俄租界,Door,门2.png,2,D2,Conventional door-leaf grouping,8.612619
DOR0119,B024,F039,五花宾馆,Russian,俄租界,Door,门1.png,2,D2,Conventional door-leaf grouping,10.382167
DOR0120,B024,F039,五花宾馆,Russian,俄租界,Door,门2.png,2,D2,Conventional door-leaf grouping,8.675797
DOR0121,B024,F039,五花宾馆,Russian,俄租界,Door,门3.png,2,D2,Conventional door-leaf grouping,8.755086
DOR0122,B024,F039,五花宾馆,Russian,俄租界,Door,门4.png,2,D2,Conventional door-leaf grouping,11.533464
DOR0123,B042,F040,市政府礼堂（原法国市政厅）,French,法租界,Door,门1.png,2,D2,Conventional door-leaf grouping,11.014993
DOR0124,B042,F040,市政府礼堂（原法国市政厅）,French,法租界,Door,门10.png,2,D2,Conventional door-leaf grouping,16.2916
DOR0125,B042,F040,市政府礼堂（原法国市政厅）,French,法租界,Door,门2.png,2,D2,Conventional door-leaf grouping,10.4007635
DOR0126,B042,F040,市政府礼堂（原法国市政厅）,French,法租界,Door,门3.png,2,D2,Conventional door-leaf grouping,14.698696
DOR0127,B042,F040,市政府礼堂（原法国市政厅）,French,法租界,Door,门4.png,2,D2,Conventional door-leaf grouping,12.674377
DOR0128,B042,F040,市政府礼堂（原法国市政厅）,French,法租界,Door,门5.png,2,D2,Conventional door-leaf grouping,17.936281
DOR0129,B042,F040,市政府礼堂（原法国市政厅）,French,法租界,Door,门6.png,2,D2,Conventional door-leaf grouping,14.83837
DOR0130,B042,F040,市政府礼堂（原法国市政厅）,French,法租界,Door,门7.png,2,D2,Conventional door-leaf grouping,16.177517
DOR0131,B042,F040,市政府礼堂（原法国市政厅）,French,法租界,Door,门8.png,2,D2,Conventional door-leaf grouping,13.202092
DOR0132,B042,F040,市政府礼堂（原法国市政厅）,French,法租界,Door,门9.png,2,D2,Conventional door-leaf grouping,12.531447
DOR0133,B055,F041,胜利街 307 号建筑,German,德租界,Door,门1.png,2,D2,Conventional door-leaf grouping,11.98925
DOR0134,B055,F041,胜利街 307 号建筑,German,德租界,Door,门2.png,2,D2,Conventional door-leaf grouping,13.003164
DOR0135,B055,F041,胜利街 307 号建筑,German,德租界,Door,门3.png,2,D2,Conventional door-leaf grouping,12.757109
DOR0136,B055,F041,胜利街 307 号建筑,German,德租界,Door,门4.png,2,D2,Conventional door-leaf grouping,11.760675
DOR0137,B055,F041,胜利街 307 号建筑,German,德租界,Door,门5.png,2,D2,Conventional door-leaf grouping,10.801933
DOR0138,B055,F041,胜利街 307 号建筑,German,德租界,Door,门6.png,2,D2,Conventional door-leaf grouping,11.591462
DOR0139,B055,F041,胜利街 307 号建筑,German,德租界,Door,门7.png,2,D2,Conventional door-leaf grouping,12.251682
DOR0140,B054,F042,胜利街 325 号建筑,German,德租界,Door,门1.png,2,D2,Conventional door-leaf grouping,10.241061
DOR0141,B054,F042,胜利街 325 号建筑,German,德租界,Door,门2.png,2,D2,Conventional door-leaf grouping,10.544551
DOR0142,B054,F042,胜利街 325 号建筑,German,德租界,Door,门3.png,2,D2,Conventional door-leaf grouping,10.334973
DOR0143,B054,F042,胜利街 325 号建筑,German,德租界,Door,门4.png,2,D2,Conventional door-leaf grouping,8.771149
DOR0144,B054,F042,胜利街 325 号建筑,German,德租界,Door,门5.png,2,D2,Conventional door-leaf grouping,14.2725115
DOR0145,B011,F043,圣教书局旧址,British,英租界,Door,门1.png,2,D2,Conventional door-leaf grouping,9.401142
DOR0146,B011,F043,圣教书局旧址,British,英租界,Door,门2.png,2,D2,Conventional door-leaf grouping,13.865236
DOR0147,B011,F043,圣教书局旧址,British,英租界,Door,门3.png,2,D2,Conventional door-leaf grouping,15.645157
DOR0148,B059,F044,胜利街 331 号建筑,Japanese,日租界,Door,门1.png,2,D2,Conventional door-leaf grouping,13.633141
DOR0149,B059,F044,胜利街 331 号建筑,Japanese,日租界,Door,门2.png,2,D2,Conventional door-leaf grouping,16.353872
DOR0150,B058,F045,胜利街 333 号建筑,Japanese,日租界,Door,门1.png,2,D2,Conventional door-leaf grouping,15.221588
DOR0151,B058,F045,胜利街 333 号建筑,Japanese,日租界,Door,门2.png,2,D2,Conventional door-leaf grouping,10.273863
DOR0152,B056,F046,夏斗寅汉口公馆,Japanese,日租界,Door,门1.png,2,D2,Conventional door-leaf grouping,18.212631
DOR0153,B057,F047,胜利街 337 号建筑,Japanese,日租界,Door,门1.png,2,D2,Conventional door-leaf grouping,11.360339
DOR0154,B043,F048,洞庭街 38-40 号建筑,French,法租界,Door,门1.png,2,D2,Conventional door-leaf grouping,12.128273
DOR0155,B043,F048,洞庭街 38-40 号建筑,French,法租界,Door,门2.png,2,D2,Conventional door-leaf grouping,11.769518
DOR0156,B043,F049,洞庭街 38-40 号建筑,French,法租界,Door,门1.png,2,D2,Conventional door-leaf grouping,10.610811
DOR0157,B017,F050,汉口鄱阳街 5-11 号（汉口民生轮船公司旧址）,British,英租界,Door,门1.png,2,D2,Conventional door-leaf grouping,15.34366
DOR0158,B038,F051,浸安教会学校旧址,French,法租界,Door,门1.png,2,D2,Conventional door-leaf grouping,15.730778
DOR0159,B038,F051,浸安教会学校旧址,French,法租界,Door,门2.png,2,D2,Conventional door-leaf grouping,15.047717
DOR0160,B038,F051,浸安教会学校旧址,French,法租界,Door,门3.png,1,D1,Shutter/grille-feature grouping,12.801076
DOR0161,B038,F052,浸安教会学校旧址,French,法租界,Door,门1.png,2,D2,Conventional door-leaf grouping,10.514308
DOR0162,B038,F052,浸安教会学校旧址,French,法租界,Door,门2.png,2,D2,Conventional door-leaf grouping,11.513603
DOR0163,B038,F052,浸安教会学校旧址,French,法租界,Door,门3.png,2,D2,Conventional door-leaf grouping,14.363746
DOR0164,B038,F052,浸安教会学校旧址,French,法租界,Door,门4.png,2,D2,Conventional door-leaf grouping,15.760851
DOR0165,B038,F052,浸安教会学校旧址,French,法租界,Door,门5.png,2,D2,Conventional door-leaf grouping,9.275514
DOR0166,B017,F053,汉口鄱阳街 5-11 号（汉口民生轮船公司旧址）,British,英租界,Door,门1.png,2,D2,Conventional door-leaf grouping,9.614572
DOR0167,B017,F053,汉口鄱阳街 5-11 号（汉口民生轮船公司旧址）,British,英租界,Door,门2.png,2,D2,Conventional door-leaf grouping,8.789817
DOR0168,B017,F053,汉口鄱阳街 5-11 号（汉口民生轮船公司旧址）,British,英租界,Door,门3.png,2,D2,Conventional door-leaf grouping,17.425697
DOR0169,B047,F054,望德堂,French,法租界,Door,门1.png,2,D2,Conventional door-leaf grouping,11.95475
DOR0170,B035,F055,汉口信义公所,Russian,俄租界,Door,门1.png,1,D1,Shutter/grille-feature grouping,13.542404
DOR0171,B035,F055,汉口信义公所,Russian,俄租界,Door,门2.png,2,D2,Conventional door-leaf grouping,13.968989
DOR0172,B017,F056,汉口鄱阳街 5-11 号（汉口民生轮船公司旧址）,British,英租界,Door,门1.png,2,D2,Conventional door-leaf grouping,9.828292
DOR0173,B017,F056,汉口鄱阳街 5-11 号（汉口民生轮船公司旧址）,British,英租界,Door,门2.png,2,D2,Conventional door-leaf grouping,11.280558
DOR0174,B015,F057,汉口电话局旧址,British,英租界,Door,门1.png,1,D1,Shutter/grille-feature grouping,12.944701
DOR0175,B015,F057,汉口电话局旧址,British,英租界,Door,门2.png,2,D2,Conventional door-leaf grouping,23.001263
DOR0176,B015,F057,汉口电话局旧址,British,英租界,Door,门3.png,1,D1,Shutter/grille-feature grouping,6.1182213
DOR0177,B015,F057,汉口电话局旧址,British,英租界,Door,门4.png,2,D2,Conventional door-leaf grouping,15.760915
DOR0178,B015,F057,汉口电话局旧址,British,英租界,Door,门5.png,1,D1,Shutter/grille-feature grouping,10.460386
DOR0179,B014,F058,汉口商业银行大楼,British,英租界,Door,门1.png,2,D2,Conventional door-leaf grouping,12.750036
DOR0180,B014,F058,汉口商业银行大楼,British,英租界,Door,门2.png,2,D2,Conventional door-leaf grouping,10.846432
DOR0181,B014,F058,汉口商业银行大楼,British,英租界,Door,门3.png,1,D1,Shutter/grille-feature grouping,6.4666467
DOR0182,B014,F058,汉口商业银行大楼,British,英租界,Door,门4.png,1,D1,Shutter/grille-feature grouping,9.174385
DOR0183,B014,F058,汉口商业银行大楼,British,英租界,Door,门5.png,1,D1,Shutter/grille-feature grouping,7.551874
DOR0184,B014,F058,汉口商业银行大楼,British,英租界,Door,门6.png,1,D1,Shutter/grille-feature grouping,7.0054913
DOR0185,B014,F058,汉口商业银行大楼,British,英租界,Door,门7.png,1,D1,Shutter/grille-feature grouping,6.4277687
DOR0186,B010,F059,大孚银行（汉口分行）旧址,British,英租界,Door,门1.png,2,D2,Conventional door-leaf grouping,15.827073
DOR0187,B010,F059,大孚银行（汉口分行）旧址,British,英租界,Door,门2.png,1,D1,Shutter/grille-feature grouping,6.949636
DOR0188,B010,F059,大孚银行（汉口分行）旧址,British,英租界,Door,门3.png,2,D2,Conventional door-leaf grouping,11.572684
DOR0189,B010,F059,大孚银行（汉口分行）旧址,British,英租界,Door,门4.png,1,D1,Shutter/grille-feature grouping,5.232874
DOR0190,B010,F059,大孚银行（汉口分行）旧址,British,英租界,Door,门5.png,1,D1,Shutter/grille-feature grouping,9.9319
DOR0191,B053,F060,赞誉药房旧址,French,法租界,Door,门1.png,1,D1,Shutter/grille-feature grouping,5.0563264
DOR0192,B053,F060,赞誉药房旧址,French,法租界,Door,门2.png,1,D1,Shutter/grille-feature grouping,6.6957355
DOR0193,B053,F060,赞誉药房旧址,French,法租界,Door,门3.png,1,D1,Shutter/grille-feature grouping,6.9411426
DOR0194,B053,F060,赞誉药房旧址,French,法租界,Door,门4.png,1,D1,Shutter/grille-feature grouping,7.2578063
DOR0195,B053,F060,赞誉药房旧址,French,法租界,Door,门5.png,1,D1,Shutter/grille-feature grouping,6.852178
DOR0196,B053,F060,赞誉药房旧址,French,法租界,Door,门6.png,1,D1,Shutter/grille-feature grouping,7.3654013
DOR0197,B053,F060,赞誉药房旧址,French,法租界,Door,门7.png,1,D1,Shutter/grille-feature grouping,5.9847956
DOR0198,B041,F061,中山大道 889 号建筑,French,法租界,Door,门1.png,2,D2,Conventional door-leaf grouping,10.010971
DOR0199,B041,F061,中山大道 889 号建筑,French,法租界,Door,门2.png,2,D2,Conventional door-leaf grouping,10.754917
DOR0200,B040,F062,中山大道 891-903 号建筑,French,法租界,Door,门1.png,2,D2,Conventional door-leaf grouping,12.310103
DOR0201,B040,F062,中山大道 891-903 号建筑,French,法租界,Door,门2.png,2,D2,Conventional door-leaf grouping,10.990259
DOR0202,B016,F063,汉口盐业银行大楼,British,英租界,Door,门1.png,2,D2,Conventional door-leaf grouping,13.768913
DOR0203,B016,F063,汉口盐业银行大楼,British,英租界,Door,门2.png,2,D2,Conventional door-leaf grouping,13.157272
DOR0204,B034,F064,中山大道895-897号建筑,Russian,俄租界,Door,门1.png,2,D2,Conventional door-leaf grouping,12.448399
DOR0205,B034,F064,中山大道895-897号建筑,Russian,俄租界,Door,门2.png,2,D2,Conventional door-leaf grouping,11.10556
DOR0206,B034,F064,中山大道895-897号建筑,Russian,俄租界,Door,门3.png,2,D2,Conventional door-leaf grouping,13.819863
DOR0207,B004,F065,中孚银行（汉口分行）旧址,British,英租界,Door,门1.png,2,D2,Conventional door-leaf grouping,17.513369
DOR0208,B021,F066,上海银行汉口分行旧址（含中南银行）,British,英租界,Door,门1.png,2,D2,Conventional door-leaf grouping,15.234832
DOR0209,B021,F066,上海银行汉口分行旧址（含中南银行）,British,英租界,Door,门2.png,2,D2,Conventional door-leaf grouping,15.221714
DOR0210,B017,F067,汉口鄱阳街 5-11 号（汉口民生轮船公司旧址）,British,英租界,Door,门1.png,2,D2,Conventional door-leaf grouping,11.201927
DOR0211,B017,F067,汉口鄱阳街 5-11 号（汉口民生轮船公司旧址）,British,英租界,Door,门2.png,2,D2,Conventional door-leaf grouping,13.757581
DOR0212,B040,F068,中山大道 891-903 号建筑,French,法租界,Door,门1.png,2,D2,Conventional door-leaf grouping,15.791834
DOR0213,B040,F068,中山大道 891-903 号建筑,French,法租界,Door,门2.png,2,D2,Conventional door-leaf grouping,11.150794
DOR0214,B040,F068,中山大道 891-903 号建筑,French,法租界,Door,门3.png,2,D2,Conventional door-leaf grouping,12.073415
DOR0215,B040,F068,中山大道 891-903 号建筑,French,法租界,Door,门4.png,2,D2,Conventional door-leaf grouping,10.224791
DOR0216,B020,F069,武汉美术馆（金城银行旧址、金城里）,British,英租界,Door,门1.png,2,D2,Conventional door-leaf grouping,13.06973
DOR0217,B020,F069,武汉美术馆（金城银行旧址、金城里）,British,英租界,Door,门2.png,2,D2,Conventional door-leaf grouping,13.889764
DOR0218,B020,F069,武汉美术馆（金城银行旧址、金城里）,British,英租界,Door,门3.png,2,D2,Conventional door-leaf grouping,11.519428
DOR0219,B003,F070,浙江实业银行（汉口分行）旧址,British,英租界,Door,门1.png,2,D2,Conventional door-leaf grouping,9.205452
DOR0220,B003,F070,浙江实业银行（汉口分行）旧址,British,英租界,Door,门2.png,2,D2,Conventional door-leaf grouping,14.609208
DOR0221,B003,F070,浙江实业银行（汉口分行）旧址,British,英租界,Door,门3.png,2,D2,Conventional door-leaf grouping,11.776187
DOR0222,B001,F071,大陆坊、大陆银行（汉口分行）,British,英租界,Door,门1.png,2,D2,Conventional door-leaf grouping,10.310251
DOR0223,B001,F071,大陆坊、大陆银行（汉口分行）,British,英租界,Door,门2.png,2,D2,Conventional door-leaf grouping,12.442438
DOR0224,B001,F071,大陆坊、大陆银行（汉口分行）,British,英租界,Door,门3.png,2,D2,Conventional door-leaf grouping,14.9685545
DOR0225,B001,F071,大陆坊、大陆银行（汉口分行）,British,英租界,Door,门4.png,2,D2,Conventional door-leaf grouping,11.395125
DOR0226,B001,F071,大陆坊、大陆银行（汉口分行）,British,英租界,Door,门5.png,2,D2,Conventional door-leaf grouping,11.492623
DOR0227,B001,F071,大陆坊、大陆银行（汉口分行）,British,英租界,Door,门6.png,2,D2,Conventional door-leaf grouping,8.574659
DOR0228,B001,F071,大陆坊、大陆银行（汉口分行）,British,英租界,Door,门7.png,2,D2,Conventional door-leaf grouping,8.535346
DOR0229,B001,F071,大陆坊、大陆银行（汉口分行）,British,英租界,Door,门8.png,2,D2,Conventional door-leaf grouping,11.127186
DOR0230,B041,F072,中山大道 889 号建筑,French,法租界,Door,门1.png,2,D2,Conventional door-leaf grouping,9.763169
DOR0231,B041,F072,中山大道 889 号建筑,French,法租界,Door,门2.png,2,D2,Conventional door-leaf grouping,10.725625
DOR0232,B041,F072,中山大道 889 号建筑,French,法租界,Door,门3.png,1,D1,Shutter/grille-feature grouping,15.040715
DOR0233,B041,F072,中山大道 889 号建筑,French,法租界,Door,门4.png,1,D1,Shutter/grille-feature grouping,13.698096
DOR0234,B041,F072,中山大道 889 号建筑,French,法租界,Door,门5.png,2,D2,Conventional door-leaf grouping,12.101164
DOR0235,B041,F072,中山大道 889 号建筑,French,法租界,Door,门6.png,2,D2,Conventional door-leaf grouping,12.382296
DOR0236,B046,F073,洞庭街 91-97 号建筑,French,法租界,Door,门1.png,2,D2,Conventional door-leaf grouping,17.034147
DOR0237,B046,F073,洞庭街 91-97 号建筑,French,法租界,Door,门2.png,2,D2,Conventional door-leaf grouping,18.58439
DOR0238,B046,F073,洞庭街 91-97 号建筑,French,法租界,Door,门3.png,2,D2,Conventional door-leaf grouping,20.500938
DOR0239,B046,F073,洞庭街 91-97 号建筑,French,法租界,Door,门4.png,2,D2,Conventional door-leaf grouping,12.707485
DOR0240,B046,F073,洞庭街 91-97 号建筑,French,法租界,Door,门5.png,2,D2,Conventional door-leaf grouping,11.550975
DOR0241,B008,F074,汉润里,British,英租界,Door,门1.png,2,D2,Conventional door-leaf grouping,16.540234
DOR0242,B008,F074,汉润里,British,英租界,Door,门2.png,2,D2,Conventional door-leaf grouping,9.568872
DOR0243,B008,F074,汉润里,British,英租界,Door,门3.png,2,D2,Conventional door-leaf grouping,13.724863
DOR0244,B017,F075,汉口鄱阳街 5-11 号（汉口民生轮船公司旧址）,British,英租界,Door,门1.png,2,D2,Conventional door-leaf grouping,12.612066
DOR0245,B017,F075,汉口鄱阳街 5-11 号（汉口民生轮船公司旧址）,British,英租界,Door,门2.png,2,D2,Conventional door-leaf grouping,9.696222
DOR0246,B017,F075,汉口鄱阳街 5-11 号（汉口民生轮船公司旧址）,British,英租界,Door,门3.png,2,D2,Conventional door-leaf grouping,8.793796
DOR0247,B017,F075,汉口鄱阳街 5-11 号（汉口民生轮船公司旧址）,British,英租界,Door,门4.png,2,D2,Conventional door-leaf grouping,13.831932
DOR0248,B012,F076,中共中央领导人汉口驻地旧址,British,英租界,Door,门1.png,2,D2,Conventional door-leaf grouping,11.32039
DOR0249,B012,F076,中共中央领导人汉口驻地旧址,British,英租界,Door,门2.png,2,D2,Conventional door-leaf grouping,12.40268
DOR0250,B012,F076,中共中央领导人汉口驻地旧址,British,英租界,Door,门3.png,2,D2,Conventional door-leaf grouping,12.200282
DOR0251,B037,F077,汉口国民政府外交部旧址,French,法租界,Door,门1.png,2,D2,Conventional door-leaf grouping,12.225083
COL0001,B009,F001,叶蓬公馆旧址,British,英租界,Column,柱1.png,2,C2,Plain-rectilinear grouping,12.362689
COL0002,B009,F001,叶蓬公馆旧址,British,英租界,Column,柱2.png,2,C2,Plain-rectilinear grouping,14.049932
COL0003,B009,F001,叶蓬公馆旧址,British,英租界,Column,柱3.png,2,C2,Plain-rectilinear grouping,12.539369
COL0004,B009,F001,叶蓬公馆旧址,British,英租界,Column,柱4.png,2,C2,Plain-rectilinear grouping,11.900051
COL0005,B031,F002,胜利街 112-114 号建筑,Russian,俄租界,Column,柱1.png,2,C2,Plain-rectilinear grouping,9.683224
COL0006,B031,F002,胜利街 112-114 号建筑,Russian,俄租界,Column,柱2.png,2,C2,Plain-rectilinear grouping,11.424658
COL0007,B031,F002,胜利街 112-114 号建筑,Russian,俄租界,Column,柱3.png,2,C2,Plain-rectilinear grouping,10.608155
COL0008,B031,F002,胜利街 112-114 号建筑,Russian,俄租界,Column,柱4.png,2,C2,Plain-rectilinear grouping,9.750545
COL0009,B031,F002,胜利街 112-114 号建筑,Russian,俄租界,Column,柱5.png,2,C2,Plain-rectilinear grouping,10.38437
COL0010,B031,F002,胜利街 112-114 号建筑,Russian,俄租界,Column,柱6.png,1,C1,Brick-textured/articulated grouping,11.970879
COL0011,B031,F002,胜利街 112-114 号建筑,Russian,俄租界,Column,柱7.png,1,C1,Brick-textured/articulated grouping,11.884869
COL0012,B031,F002,胜利街 112-114 号建筑,Russian,俄租界,Column,柱8.png,2,C2,Plain-rectilinear grouping,16.45005
COL0013,B031,F003,胜利街 112-114 号建筑,Russian,俄租界,Column,柱1.png,2,C2,Plain-rectilinear grouping,12.983895
COL0014,B031,F003,胜利街 112-114 号建筑,Russian,俄租界,Column,柱2.png,2,C2,Plain-rectilinear grouping,10.440054
COL0015,B031,F004,胜利街 112-114 号建筑,Russian,俄租界,Column,柱1.png,2,C2,Plain-rectilinear grouping,11.103781
COL0016,B031,F004,胜利街 112-114 号建筑,Russian,俄租界,Column,柱2.png,2,C2,Plain-rectilinear grouping,10.750174
COL0017,B031,F004,胜利街 112-114 号建筑,Russian,俄租界,Column,柱3.png,2,C2,Plain-rectilinear grouping,11.322098
COL0018,B031,F004,胜利街 112-114 号建筑,Russian,俄租界,Column,柱4.png,2,C2,Plain-rectilinear grouping,12.452819
COL0019,B039,F005,邮局职员宿舍,French,法租界,Column,柱1.png,2,C2,Plain-rectilinear grouping,11.414185
COL0020,B039,F005,邮局职员宿舍,French,法租界,Column,柱2.png,1,C1,Brick-textured/articulated grouping,12.617089
COL0021,B039,F005,邮局职员宿舍,French,法租界,Column,柱3.png,1,C1,Brick-textured/articulated grouping,10.741761
COL0022,B039,F005,邮局职员宿舍,French,法租界,Column,柱4.png,2,C2,Plain-rectilinear grouping,12.27592
COL0023,B023,F006,周星堂公馆,Russian,俄租界,Column,柱1.png,1,C1,Brick-textured/articulated grouping,11.051633
COL0024,B023,F006,周星堂公馆,Russian,俄租界,Column,柱2.png,2,C2,Plain-rectilinear grouping,13.219703
COL0025,B023,F006,周星堂公馆,Russian,俄租界,Column,柱3.png,1,C1,Brick-textured/articulated grouping,10.607642
COL0026,B023,F006,周星堂公馆,Russian,俄租界,Column,柱4.png,1,C1,Brick-textured/articulated grouping,9.973286
COL0027,B023,F006,周星堂公馆,Russian,俄租界,Column,柱5.png,1,C1,Brick-textured/articulated grouping,9.087714
COL0028,B023,F006,周星堂公馆,Russian,俄租界,Column,柱6.png,1,C1,Brick-textured/articulated grouping,10.945347
COL0029,B023,F006,周星堂公馆,Russian,俄租界,Column,柱7.png,1,C1,Brick-textured/articulated grouping,9.036633
COL0030,B023,F007,周星堂公馆,Russian,俄租界,Column,柱1.png,2,C2,Plain-rectilinear grouping,13.357299
COL0031,B023,F008,周星堂公馆,Russian,俄租界,Column,柱1.png,2,C2,Plain-rectilinear grouping,12.042216
COL0032,B002,F010,中央信托局汉口分局旧址,British,英租界,Column,柱1.png,2,C2,Plain-rectilinear grouping,8.337283
COL0033,B002,F010,中央信托局汉口分局旧址,British,英租界,Column,柱10.png,2,C2,Plain-rectilinear grouping,10.733908
COL0034,B002,F010,中央信托局汉口分局旧址,British,英租界,Column,柱11.png,2,C2,Plain-rectilinear grouping,8.416864
COL0035,B002,F010,中央信托局汉口分局旧址,British,英租界,Column,柱12.png,2,C2,Plain-rectilinear grouping,12.683025
COL0036,B002,F010,中央信托局汉口分局旧址,British,英租界,Column,柱13.png,2,C2,Plain-rectilinear grouping,9.489231
COL0037,B002,F010,中央信托局汉口分局旧址,British,英租界,Column,柱14.png,2,C2,Plain-rectilinear grouping,11.5212145
COL0038,B002,F010,中央信托局汉口分局旧址,British,英租界,Column,柱15.png,2,C2,Plain-rectilinear grouping,13.901788
COL0039,B002,F010,中央信托局汉口分局旧址,British,英租界,Column,柱16.png,2,C2,Plain-rectilinear grouping,13.960287
COL0040,B002,F010,中央信托局汉口分局旧址,British,英租界,Column,柱17.png,2,C2,Plain-rectilinear grouping,10.826096
COL0041,B002,F010,中央信托局汉口分局旧址,British,英租界,Column,柱18.png,2,C2,Plain-rectilinear grouping,13.158466
COL0042,B002,F010,中央信托局汉口分局旧址,British,英租界,Column,柱19.png,2,C2,Plain-rectilinear grouping,11.519873
COL0043,B002,F010,中央信托局汉口分局旧址,British,英租界,Column,柱2.png,2,C2,Plain-rectilinear grouping,8.8692
COL0044,B002,F010,中央信托局汉口分局旧址,British,英租界,Column,柱20.png,2,C2,Plain-rectilinear grouping,10.161182
COL0045,B002,F010,中央信托局汉口分局旧址,British,英租界,Column,柱21.png,2,C2,Plain-rectilinear grouping,11.453512
COL0046,B002,F010,中央信托局汉口分局旧址,British,英租界,Column,柱22.png,2,C2,Plain-rectilinear grouping,9.140906
COL0047,B002,F010,中央信托局汉口分局旧址,British,英租界,Column,柱3.png,2,C2,Plain-rectilinear grouping,8.710502
COL0048,B002,F010,中央信托局汉口分局旧址,British,英租界,Column,柱4.png,2,C2,Plain-rectilinear grouping,8.60426
COL0049,B002,F010,中央信托局汉口分局旧址,British,英租界,Column,柱5.png,2,C2,Plain-rectilinear grouping,9.087147
COL0050,B002,F010,中央信托局汉口分局旧址,British,英租界,Column,柱6.png,2,C2,Plain-rectilinear grouping,9.170724
COL0051,B002,F010,中央信托局汉口分局旧址,British,英租界,Column,柱7.png,2,C2,Plain-rectilinear grouping,8.569264
COL0052,B002,F010,中央信托局汉口分局旧址,British,英租界,Column,柱8.png,2,C2,Plain-rectilinear grouping,8.340449
COL0053,B002,F010,中央信托局汉口分局旧址,British,英租界,Column,柱9.png,2,C2,Plain-rectilinear grouping,8.452324
COL0054,B005,F012,老沙逊洋行仓库,British,英租界,Column,柱1.png,2,C2,Plain-rectilinear grouping,10.436759
COL0055,B005,F012,老沙逊洋行仓库,British,英租界,Column,柱2.png,2,C2,Plain-rectilinear grouping,11.329888
COL0056,B005,F012,老沙逊洋行仓库,British,英租界,Column,柱3.png,2,C2,Plain-rectilinear grouping,10.150773
COL0057,B005,F012,老沙逊洋行仓库,British,英租界,Column,柱4.png,2,C2,Plain-rectilinear grouping,9.392525
COL0058,B005,F012,老沙逊洋行仓库,British,英租界,Column,柱5.png,2,C2,Plain-rectilinear grouping,11.5663395
COL0059,B005,F012,老沙逊洋行仓库,British,英租界,Column,柱6.png,2,C2,Plain-rectilinear grouping,11.312484
COL0060,B018,F014,保安洋行旧址,British,英租界,Column,柱1.png,2,C2,Plain-rectilinear grouping,9.649833
COL0061,B018,F014,保安洋行旧址,British,英租界,Column,柱2.png,2,C2,Plain-rectilinear grouping,8.068871
COL0062,B018,F014,保安洋行旧址,British,英租界,Column,柱3.png,2,C2,Plain-rectilinear grouping,10.135859
COL0063,B018,F014,保安洋行旧址,British,英租界,Column,柱4.png,2,C2,Plain-rectilinear grouping,10.292426
COL0064,B018,F015,保安洋行旧址,British,英租界,Column,柱1.png,2,C2,Plain-rectilinear grouping,10.239766
COL0065,B006,F016,沿江大道 140 号（太吉洋行汉口分行）,British,英租界,Column,柱1.png,2,C2,Plain-rectilinear grouping,10.035376
COL0066,B006,F016,沿江大道 140 号（太吉洋行汉口分行）,British,英租界,Column,柱10.png,2,C2,Plain-rectilinear grouping,8.888544
COL0067,B006,F016,沿江大道 140 号（太吉洋行汉口分行）,British,英租界,Column,柱11.png,2,C2,Plain-rectilinear grouping,8.608545
COL0068,B006,F016,沿江大道 140 号（太吉洋行汉口分行）,British,英租界,Column,柱12.png,2,C2,Plain-rectilinear grouping,10.864681
COL0069,B006,F016,沿江大道 140 号（太吉洋行汉口分行）,British,英租界,Column,柱13.png,2,C2,Plain-rectilinear grouping,13.67776
COL0070,B006,F016,沿江大道 140 号（太吉洋行汉口分行）,British,英租界,Column,柱14.png,2,C2,Plain-rectilinear grouping,14.942972
COL0071,B006,F016,沿江大道 140 号（太吉洋行汉口分行）,British,英租界,Column,柱15.png,2,C2,Plain-rectilinear grouping,10.737671
COL0072,B006,F016,沿江大道 140 号（太吉洋行汉口分行）,British,英租界,Column,柱16.png,2,C2,Plain-rectilinear grouping,11.67928
COL0073,B006,F016,沿江大道 140 号（太吉洋行汉口分行）,British,英租界,Column,柱17.png,2,C2,Plain-rectilinear grouping,7.8361793
COL0074,B006,F016,沿江大道 140 号（太吉洋行汉口分行）,British,英租界,Column,柱18.png,2,C2,Plain-rectilinear grouping,9.442104
COL0075,B006,F016,沿江大道 140 号（太吉洋行汉口分行）,British,英租界,Column,柱19.png,2,C2,Plain-rectilinear grouping,10.8986025
COL0076,B006,F016,沿江大道 140 号（太吉洋行汉口分行）,British,英租界,Column,柱2.png,2,C2,Plain-rectilinear grouping,10.134855
COL0077,B006,F016,沿江大道 140 号（太吉洋行汉口分行）,British,英租界,Column,柱3.png,2,C2,Plain-rectilinear grouping,12.294067
COL0078,B006,F016,沿江大道 140 号（太吉洋行汉口分行）,British,英租界,Column,柱4.png,2,C2,Plain-rectilinear grouping,8.775069
COL0079,B006,F016,沿江大道 140 号（太吉洋行汉口分行）,British,英租界,Column,柱5.png,2,C2,Plain-rectilinear grouping,9.963492
COL0080,B006,F016,沿江大道 140 号（太吉洋行汉口分行）,British,英租界,Column,柱6.png,2,C2,Plain-rectilinear grouping,9.357632
COL0081,B006,F016,沿江大道 140 号（太吉洋行汉口分行）,British,英租界,Column,柱7.png,2,C2,Plain-rectilinear grouping,10.345171
COL0082,B006,F016,沿江大道 140 号（太吉洋行汉口分行）,British,英租界,Column,柱8.png,2,C2,Plain-rectilinear grouping,10.507593
COL0083,B006,F016,沿江大道 140 号（太吉洋行汉口分行）,British,英租界,Column,柱9.png,2,C2,Plain-rectilinear grouping,9.272625
COL0084,B019,F017,保顺洋行旧址,British,英租界,Column,柱1.png,2,C2,Plain-rectilinear grouping,14.659612
COL0085,B019,F017,保顺洋行旧址,British,英租界,Column,柱2.png,2,C2,Plain-rectilinear grouping,13.9835415
COL0086,B013,F018,汉口汇丰银行大楼,British,英租界,Column,柱1.png,2,C2,Plain-rectilinear grouping,16.558924
COL0087,B013,F018,汉口汇丰银行大楼,British,英租界,Column,柱10.png,2,C2,Plain-rectilinear grouping,13.373662
COL0088,B013,F018,汉口汇丰银行大楼,British,英租界,Column,柱11.png,2,C2,Plain-rectilinear grouping,12.456318
COL0089,B013,F018,汉口汇丰银行大楼,British,英租界,Column,柱12.png,2,C2,Plain-rectilinear grouping,9.643715
COL0090,B013,F018,汉口汇丰银行大楼,British,英租界,Column,柱13.png,2,C2,Plain-rectilinear grouping,10.459462
COL0091,B013,F018,汉口汇丰银行大楼,British,英租界,Column,柱14.png,2,C2,Plain-rectilinear grouping,9.591148
COL0092,B013,F018,汉口汇丰银行大楼,British,英租界,Column,柱15.png,2,C2,Plain-rectilinear grouping,10.851072
COL0093,B013,F018,汉口汇丰银行大楼,British,英租界,Column,柱16.png,2,C2,Plain-rectilinear grouping,12.382706
COL0094,B013,F018,汉口汇丰银行大楼,British,英租界,Column,柱17.png,2,C2,Plain-rectilinear grouping,12.150356
COL0095,B013,F018,汉口汇丰银行大楼,British,英租界,Column,柱18.png,2,C2,Plain-rectilinear grouping,11.903807
COL0096,B013,F018,汉口汇丰银行大楼,British,英租界,Column,柱19.png,2,C2,Plain-rectilinear grouping,11.514714
COL0097,B013,F018,汉口汇丰银行大楼,British,英租界,Column,柱2.png,2,C2,Plain-rectilinear grouping,14.608816
COL0098,B013,F018,汉口汇丰银行大楼,British,英租界,Column,柱20.png,2,C2,Plain-rectilinear grouping,11.147211
COL0099,B013,F018,汉口汇丰银行大楼,British,英租界,Column,柱21.png,2,C2,Plain-rectilinear grouping,11.917133
COL0100,B013,F018,汉口汇丰银行大楼,British,英租界,Column,柱22.png,2,C2,Plain-rectilinear grouping,17.249264
COL0101,B013,F018,汉口汇丰银行大楼,British,英租界,Column,柱23.png,2,C2,Plain-rectilinear grouping,11.095822
COL0102,B013,F018,汉口汇丰银行大楼,British,英租界,Column,柱24.png,2,C2,Plain-rectilinear grouping,10.6698065
COL0103,B013,F018,汉口汇丰银行大楼,British,英租界,Column,柱25.png,2,C2,Plain-rectilinear grouping,11.080437
COL0104,B013,F018,汉口汇丰银行大楼,British,英租界,Column,柱26.png,2,C2,Plain-rectilinear grouping,11.60451
COL0105,B013,F018,汉口汇丰银行大楼,British,英租界,Column,柱27.png,2,C2,Plain-rectilinear grouping,11.944591
COL0106,B013,F018,汉口汇丰银行大楼,British,英租界,Column,柱28.png,2,C2,Plain-rectilinear grouping,19.776043
COL0107,B013,F018,汉口汇丰银行大楼,British,英租界,Column,柱29.png,2,C2,Plain-rectilinear grouping,14.975203
COL0108,B013,F018,汉口汇丰银行大楼,British,英租界,Column,柱3.png,2,C2,Plain-rectilinear grouping,14.982918
COL0109,B013,F018,汉口汇丰银行大楼,British,英租界,Column,柱30.png,2,C2,Plain-rectilinear grouping,16.94091
COL0110,B013,F018,汉口汇丰银行大楼,British,英租界,Column,柱31.png,2,C2,Plain-rectilinear grouping,15.876954
COL0111,B013,F018,汉口汇丰银行大楼,British,英租界,Column,柱32.png,2,C2,Plain-rectilinear grouping,12.171137
COL0112,B013,F018,汉口汇丰银行大楼,British,英租界,Column,柱33.png,2,C2,Plain-rectilinear grouping,11.160475
COL0113,B013,F018,汉口汇丰银行大楼,British,英租界,Column,柱34.png,2,C2,Plain-rectilinear grouping,14.832624
COL0114,B013,F018,汉口汇丰银行大楼,British,英租界,Column,柱35.png,2,C2,Plain-rectilinear grouping,8.986543
COL0115,B013,F018,汉口汇丰银行大楼,British,英租界,Column,柱36.png,2,C2,Plain-rectilinear grouping,11.473577
COL0116,B013,F018,汉口汇丰银行大楼,British,英租界,Column,柱37.png,2,C2,Plain-rectilinear grouping,13.838638
COL0117,B013,F018,汉口汇丰银行大楼,British,英租界,Column,柱38.png,2,C2,Plain-rectilinear grouping,12.212795
COL0118,B013,F018,汉口汇丰银行大楼,British,英租界,Column,柱39.png,2,C2,Plain-rectilinear grouping,12.070902
COL0119,B013,F018,汉口汇丰银行大楼,British,英租界,Column,柱4.png,2,C2,Plain-rectilinear grouping,14.023187
COL0120,B013,F018,汉口汇丰银行大楼,British,英租界,Column,柱5.png,2,C2,Plain-rectilinear grouping,12.389732
COL0121,B013,F018,汉口汇丰银行大楼,British,英租界,Column,柱6.png,2,C2,Plain-rectilinear grouping,11.524081
COL0122,B013,F018,汉口汇丰银行大楼,British,英租界,Column,柱7.png,2,C2,Plain-rectilinear grouping,10.698844
COL0123,B013,F018,汉口汇丰银行大楼,British,英租界,Column,柱8.png,2,C2,Plain-rectilinear grouping,10.548178
COL0124,B013,F018,汉口汇丰银行大楼,British,英租界,Column,柱9.png,2,C2,Plain-rectilinear grouping,13.288191
COL0125,B007,F019,沿江大道 144 号建筑,British,英租界,Column,柱1.png,2,C2,Plain-rectilinear grouping,14.573587
COL0126,B007,F019,沿江大道 144 号建筑,British,英租界,Column,柱10.png,2,C2,Plain-rectilinear grouping,14.705585
COL0127,B007,F019,沿江大道 144 号建筑,British,英租界,Column,柱11.png,2,C2,Plain-rectilinear grouping,11.12838
COL0128,B007,F019,沿江大道 144 号建筑,British,英租界,Column,柱12.png,2,C2,Plain-rectilinear grouping,12.032616
COL0129,B007,F019,沿江大道 144 号建筑,British,英租界,Column,柱13.png,2,C2,Plain-rectilinear grouping,10.690122
COL0130,B007,F019,沿江大道 144 号建筑,British,英租界,Column,柱14.png,2,C2,Plain-rectilinear grouping,10.819807
COL0131,B007,F019,沿江大道 144 号建筑,British,英租界,Column,柱15.png,2,C2,Plain-rectilinear grouping,11.018219
COL0132,B007,F019,沿江大道 144 号建筑,British,英租界,Column,柱16.png,2,C2,Plain-rectilinear grouping,11.52143
COL0133,B007,F019,沿江大道 144 号建筑,British,英租界,Column,柱17.png,2,C2,Plain-rectilinear grouping,12.158296
COL0134,B007,F019,沿江大道 144 号建筑,British,英租界,Column,柱18.png,2,C2,Plain-rectilinear grouping,15.987812
COL0135,B007,F019,沿江大道 144 号建筑,British,英租界,Column,柱2.png,2,C2,Plain-rectilinear grouping,10.811722
COL0136,B007,F019,沿江大道 144 号建筑,British,英租界,Column,柱3.png,2,C2,Plain-rectilinear grouping,11.283327
COL0137,B007,F019,沿江大道 144 号建筑,British,英租界,Column,柱4.png,2,C2,Plain-rectilinear grouping,9.32866
COL0138,B007,F019,沿江大道 144 号建筑,British,英租界,Column,柱5.png,2,C2,Plain-rectilinear grouping,10.259572
COL0139,B007,F019,沿江大道 144 号建筑,British,英租界,Column,柱6.png,2,C2,Plain-rectilinear grouping,11.389352
COL0140,B007,F019,沿江大道 144 号建筑,British,英租界,Column,柱7.png,2,C2,Plain-rectilinear grouping,11.648868
COL0141,B007,F019,沿江大道 144 号建筑,British,英租界,Column,柱8.png,2,C2,Plain-rectilinear grouping,11.087501
COL0142,B007,F019,沿江大道 144 号建筑,British,英租界,Column,柱9.png,2,C2,Plain-rectilinear grouping,11.368198
COL0143,B033,F020,汉口美国领事馆旧址,Russian,俄租界,Column,柱1.png,2,C2,Plain-rectilinear grouping,9.843559
COL0144,B033,F020,汉口美国领事馆旧址,Russian,俄租界,Column,柱10.png,2,C2,Plain-rectilinear grouping,18.371824
COL0145,B033,F020,汉口美国领事馆旧址,Russian,俄租界,Column,柱11.png,2,C2,Plain-rectilinear grouping,13.520523
COL0146,B033,F020,汉口美国领事馆旧址,Russian,俄租界,Column,柱12.png,2,C2,Plain-rectilinear grouping,13.82344
COL0147,B033,F020,汉口美国领事馆旧址,Russian,俄租界,Column,柱13.png,2,C2,Plain-rectilinear grouping,13.267599
COL0148,B033,F020,汉口美国领事馆旧址,Russian,俄租界,Column,柱2.png,2,C2,Plain-rectilinear grouping,11.300546
COL0149,B033,F020,汉口美国领事馆旧址,Russian,俄租界,Column,柱3.png,2,C2,Plain-rectilinear grouping,12.0376425
COL0150,B033,F020,汉口美国领事馆旧址,Russian,俄租界,Column,柱4.png,2,C2,Plain-rectilinear grouping,11.743869
COL0151,B033,F020,汉口美国领事馆旧址,Russian,俄租界,Column,柱5.png,2,C2,Plain-rectilinear grouping,12.368647
COL0152,B033,F020,汉口美国领事馆旧址,Russian,俄租界,Column,柱6.png,2,C2,Plain-rectilinear grouping,11.692924
COL0153,B033,F020,汉口美国领事馆旧址,Russian,俄租界,Column,柱7.png,2,C2,Plain-rectilinear grouping,13.390587
COL0154,B033,F020,汉口美国领事馆旧址,Russian,俄租界,Column,柱8.png,2,C2,Plain-rectilinear grouping,13.09651
COL0155,B033,F020,汉口美国领事馆旧址,Russian,俄租界,Column,柱9.png,2,C2,Plain-rectilinear grouping,14.833727
COL0156,B025,F021,高氏老宅,Russian,俄租界,Column,柱1.png,1,C1,Brick-textured/articulated grouping,11.30668
COL0157,B025,F021,高氏老宅,Russian,俄租界,Column,柱10.png,1,C1,Brick-textured/articulated grouping,10.302181
COL0158,B025,F021,高氏老宅,Russian,俄租界,Column,柱11.png,1,C1,Brick-textured/articulated grouping,11.203155
COL0159,B025,F021,高氏老宅,Russian,俄租界,Column,柱12.png,1,C1,Brick-textured/articulated grouping,12.15629
COL0160,B025,F021,高氏老宅,Russian,俄租界,Column,柱13.png,1,C1,Brick-textured/articulated grouping,9.629354
COL0161,B025,F021,高氏老宅,Russian,俄租界,Column,柱14.png,1,C1,Brick-textured/articulated grouping,9.601128
COL0162,B025,F021,高氏老宅,Russian,俄租界,Column,柱15.png,1,C1,Brick-textured/articulated grouping,8.487209
COL0163,B025,F021,高氏老宅,Russian,俄租界,Column,柱16.png,1,C1,Brick-textured/articulated grouping,7.909288
COL0164,B025,F021,高氏老宅,Russian,俄租界,Column,柱17.png,1,C1,Brick-textured/articulated grouping,8.653839
COL0165,B025,F021,高氏老宅,Russian,俄租界,Column,柱18.png,1,C1,Brick-textured/articulated grouping,8.797603
COL0166,B025,F021,高氏老宅,Russian,俄租界,Column,柱19.png,1,C1,Brick-textured/articulated grouping,10.87909
COL0167,B025,F021,高氏老宅,Russian,俄租界,Column,柱2.png,1,C1,Brick-textured/articulated grouping,10.209995
COL0168,B025,F021,高氏老宅,Russian,俄租界,Column,柱20.png,1,C1,Brick-textured/articulated grouping,9.187381
COL0169,B025,F021,高氏老宅,Russian,俄租界,Column,柱21.png,1,C1,Brick-textured/articulated grouping,9.087601
COL0170,B025,F021,高氏老宅,Russian,俄租界,Column,柱22.png,1,C1,Brick-textured/articulated grouping,13.440246
COL0171,B025,F021,高氏老宅,Russian,俄租界,Column,柱23.png,1,C1,Brick-textured/articulated grouping,9.253585
COL0172,B025,F021,高氏老宅,Russian,俄租界,Column,柱24.png,1,C1,Brick-textured/articulated grouping,8.326081
COL0173,B025,F021,高氏老宅,Russian,俄租界,Column,柱25.png,1,C1,Brick-textured/articulated grouping,9.7430525
COL0174,B025,F021,高氏老宅,Russian,俄租界,Column,柱26.png,1,C1,Brick-textured/articulated grouping,8.56036
COL0175,B025,F021,高氏老宅,Russian,俄租界,Column,柱27.png,1,C1,Brick-textured/articulated grouping,9.147851
COL0176,B025,F021,高氏老宅,Russian,俄租界,Column,柱28.png,1,C1,Brick-textured/articulated grouping,9.304063
COL0177,B025,F021,高氏老宅,Russian,俄租界,Column,柱29.png,1,C1,Brick-textured/articulated grouping,7.033655
COL0178,B025,F021,高氏老宅,Russian,俄租界,Column,柱3.png,1,C1,Brick-textured/articulated grouping,11.521576
COL0179,B025,F021,高氏老宅,Russian,俄租界,Column,柱30.png,1,C1,Brick-textured/articulated grouping,11.051578
COL0180,B025,F021,高氏老宅,Russian,俄租界,Column,柱31.png,1,C1,Brick-textured/articulated grouping,10.272685
COL0181,B025,F021,高氏老宅,Russian,俄租界,Column,柱32.png,1,C1,Brick-textured/articulated grouping,9.234025
COL0182,B025,F021,高氏老宅,Russian,俄租界,Column,柱33.png,1,C1,Brick-textured/articulated grouping,10.07219
COL0183,B025,F021,高氏老宅,Russian,俄租界,Column,柱4.png,1,C1,Brick-textured/articulated grouping,10.960382
COL0184,B025,F021,高氏老宅,Russian,俄租界,Column,柱5.png,1,C1,Brick-textured/articulated grouping,7.107512
COL0185,B025,F021,高氏老宅,Russian,俄租界,Column,柱6.png,1,C1,Brick-textured/articulated grouping,5.796561
COL0186,B025,F021,高氏老宅,Russian,俄租界,Column,柱7.png,1,C1,Brick-textured/articulated grouping,7.2032766
COL0187,B025,F021,高氏老宅,Russian,俄租界,Column,柱8.png,1,C1,Brick-textured/articulated grouping,12.400214
COL0188,B025,F021,高氏老宅,Russian,俄租界,Column,柱9.png,1,C1,Brick-textured/articulated grouping,10.367863
COL0189,B030,F022,东方汇理银行汉口支行旧址,Russian,俄租界,Column,柱1.png,2,C2,Plain-rectilinear grouping,13.696814
COL0190,B030,F022,东方汇理银行汉口支行旧址,Russian,俄租界,Column,柱10.png,2,C2,Plain-rectilinear grouping,10.347371
COL0191,B030,F022,东方汇理银行汉口支行旧址,Russian,俄租界,Column,柱11.png,2,C2,Plain-rectilinear grouping,11.557484
COL0192,B030,F022,东方汇理银行汉口支行旧址,Russian,俄租界,Column,柱12.png,2,C2,Plain-rectilinear grouping,11.685986
COL0193,B030,F022,东方汇理银行汉口支行旧址,Russian,俄租界,Column,柱13.png,2,C2,Plain-rectilinear grouping,12.610516
COL0194,B030,F022,东方汇理银行汉口支行旧址,Russian,俄租界,Column,柱2.png,2,C2,Plain-rectilinear grouping,9.80135
COL0195,B030,F022,东方汇理银行汉口支行旧址,Russian,俄租界,Column,柱3.png,2,C2,Plain-rectilinear grouping,15.779397
COL0196,B030,F022,东方汇理银行汉口支行旧址,Russian,俄租界,Column,柱4.png,2,C2,Plain-rectilinear grouping,13.715149
COL0197,B030,F022,东方汇理银行汉口支行旧址,Russian,俄租界,Column,柱5.png,2,C2,Plain-rectilinear grouping,12.860889
COL0198,B030,F022,东方汇理银行汉口支行旧址,Russian,俄租界,Column,柱6.png,2,C2,Plain-rectilinear grouping,12.441471
COL0199,B030,F022,东方汇理银行汉口支行旧址,Russian,俄租界,Column,柱7.png,2,C2,Plain-rectilinear grouping,11.912902
COL0200,B030,F022,东方汇理银行汉口支行旧址,Russian,俄租界,Column,柱8.png,2,C2,Plain-rectilinear grouping,12.1868
COL0201,B030,F022,东方汇理银行汉口支行旧址,Russian,俄租界,Column,柱9.png,2,C2,Plain-rectilinear grouping,11.602134
COL0202,B029,F023,汉口俄国总领事馆大楼,Russian,俄租界,Column,柱1.png,2,C2,Plain-rectilinear grouping,9.497818
COL0203,B029,F023,汉口俄国总领事馆大楼,Russian,俄租界,Column,柱10.png,2,C2,Plain-rectilinear grouping,12.241987
COL0204,B029,F023,汉口俄国总领事馆大楼,Russian,俄租界,Column,柱2.png,2,C2,Plain-rectilinear grouping,13.136885
COL0205,B029,F023,汉口俄国总领事馆大楼,Russian,俄租界,Column,柱3.png,1,C1,Brick-textured/articulated grouping,16.87234
COL0206,B029,F023,汉口俄国总领事馆大楼,Russian,俄租界,Column,柱4.png,2,C2,Plain-rectilinear grouping,10.149396
COL0207,B029,F023,汉口俄国总领事馆大楼,Russian,俄租界,Column,柱5.png,2,C2,Plain-rectilinear grouping,10.914034
COL0208,B029,F023,汉口俄国总领事馆大楼,Russian,俄租界,Column,柱6.png,1,C1,Brick-textured/articulated grouping,16.140192
COL0209,B029,F023,汉口俄国总领事馆大楼,Russian,俄租界,Column,柱7.png,2,C2,Plain-rectilinear grouping,12.7010565
COL0210,B029,F023,汉口俄国总领事馆大楼,Russian,俄租界,Column,柱8.png,2,C2,Plain-rectilinear grouping,14.136106
COL0211,B029,F023,汉口俄国总领事馆大楼,Russian,俄租界,Column,柱9.png,2,C2,Plain-rectilinear grouping,12.844609
COL0212,B029,F024,汉口俄国总领事馆大楼,Russian,俄租界,Column,柱1.png,2,C2,Plain-rectilinear grouping,12.053762
COL0213,B029,F024,汉口俄国总领事馆大楼,Russian,俄租界,Column,柱2.png,2,C2,Plain-rectilinear grouping,10.194254
COL0214,B026,F025,沿江大道 163 号建筑,Russian,俄租界,Column,柱1.png,2,C2,Plain-rectilinear grouping,14.542034
COL0215,B026,F025,沿江大道 163 号建筑,Russian,俄租界,Column,柱10.png,2,C2,Plain-rectilinear grouping,11.107169
COL0216,B026,F025,沿江大道 163 号建筑,Russian,俄租界,Column,柱11.png,2,C2,Plain-rectilinear grouping,14.339133
COL0217,B026,F025,沿江大道 163 号建筑,Russian,俄租界,Column,柱12.png,2,C2,Plain-rectilinear grouping,11.958011
COL0218,B026,F025,沿江大道 163 号建筑,Russian,俄租界,Column,柱13.png,2,C2,Plain-rectilinear grouping,15.417282
COL0219,B026,F025,沿江大道 163 号建筑,Russian,俄租界,Column,柱14.png,2,C2,Plain-rectilinear grouping,14.787473
COL0220,B026,F025,沿江大道 163 号建筑,Russian,俄租界,Column,柱2.png,2,C2,Plain-rectilinear grouping,8.560166
COL0221,B026,F025,沿江大道 163 号建筑,Russian,俄租界,Column,柱3.png,2,C2,Plain-rectilinear grouping,8.584015
COL0222,B026,F025,沿江大道 163 号建筑,Russian,俄租界,Column,柱4.png,2,C2,Plain-rectilinear grouping,10.236451
COL0223,B026,F025,沿江大道 163 号建筑,Russian,俄租界,Column,柱5.png,2,C2,Plain-rectilinear grouping,11.247099
COL0224,B026,F025,沿江大道 163 号建筑,Russian,俄租界,Column,柱6.png,2,C2,Plain-rectilinear grouping,13.633055
COL0225,B026,F025,沿江大道 163 号建筑,Russian,俄租界,Column,柱7.png,2,C2,Plain-rectilinear grouping,13.948958
COL0226,B026,F025,沿江大道 163 号建筑,Russian,俄租界,Column,柱8.png,2,C2,Plain-rectilinear grouping,11.567678
COL0227,B026,F025,沿江大道 163 号建筑,Russian,俄租界,Column,柱9.png,2,C2,Plain-rectilinear grouping,11.262966
COL0228,B027,F026,国营招商局汉口分局,Russian,俄租界,Column,柱1.png,2,C2,Plain-rectilinear grouping,15.89247
COL0229,B027,F026,国营招商局汉口分局,Russian,俄租界,Column,柱2.png,2,C2,Plain-rectilinear grouping,16.450933
COL0230,B027,F026,国营招商局汉口分局,Russian,俄租界,Column,柱3.png,2,C2,Plain-rectilinear grouping,12.968656
COL0231,B027,F026,国营招商局汉口分局,Russian,俄租界,Column,柱4.png,2,C2,Plain-rectilinear grouping,14.943346
COL0232,B027,F026,国营招商局汉口分局,Russian,俄租界,Column,柱5.png,2,C2,Plain-rectilinear grouping,13.183908
COL0233,B027,F026,国营招商局汉口分局,Russian,俄租界,Column,柱6.png,2,C2,Plain-rectilinear grouping,13.826846
COL0234,B027,F026,国营招商局汉口分局,Russian,俄租界,Column,柱7.png,2,C2,Plain-rectilinear grouping,11.344049
COL0235,B027,F026,国营招商局汉口分局,Russian,俄租界,Column,柱8.png,2,C2,Plain-rectilinear grouping,11.850972
COL0236,B036,F027,武汉中共中央机关旧址纪念馆,Russian,俄租界,Column,柱1.png,2,C2,Plain-rectilinear grouping,13.875902
COL0237,B036,F027,武汉中共中央机关旧址纪念馆,Russian,俄租界,Column,柱2.png,2,C2,Plain-rectilinear grouping,16.723791
COL0238,B028,F028,三北轮船公司办公楼,Russian,俄租界,Column,柱1.png,2,C2,Plain-rectilinear grouping,10.8889885
COL0239,B028,F028,三北轮船公司办公楼,Russian,俄租界,Column,柱2.png,2,C2,Plain-rectilinear grouping,11.498287
COL0240,B028,F028,三北轮船公司办公楼,Russian,俄租界,Column,柱3.png,2,C2,Plain-rectilinear grouping,12.483229
COL0241,B028,F028,三北轮船公司办公楼,Russian,俄租界,Column,柱4.png,2,C2,Plain-rectilinear grouping,9.618214
COL0242,B028,F028,三北轮船公司办公楼,Russian,俄租界,Column,柱5.png,2,C2,Plain-rectilinear grouping,11.345261
COL0243,B028,F028,三北轮船公司办公楼,Russian,俄租界,Column,柱6.png,2,C2,Plain-rectilinear grouping,11.584011
COL0244,B022,F029,怡和洋行住宅,Russian,俄租界,Column,柱1.png,2,C2,Plain-rectilinear grouping,15.141184
COL0245,B022,F029,怡和洋行住宅,Russian,俄租界,Column,柱2.png,2,C2,Plain-rectilinear grouping,16.048647
COL0246,B022,F029,怡和洋行住宅,Russian,俄租界,Column,柱3.png,2,C2,Plain-rectilinear grouping,14.988929
COL0247,B022,F029,怡和洋行住宅,Russian,俄租界,Column,柱4.png,2,C2,Plain-rectilinear grouping,13.659187
COL0248,B032,F030,汉口俄租界巡捕房旧址,Russian,俄租界,Column,柱1.png,1,C1,Brick-textured/articulated grouping,11.30668
COL0249,B032,F030,汉口俄租界巡捕房旧址,Russian,俄租界,Column,柱10.png,1,C1,Brick-textured/articulated grouping,10.302181
COL0250,B032,F030,汉口俄租界巡捕房旧址,Russian,俄租界,Column,柱11.png,1,C1,Brick-textured/articulated grouping,11.2031555
COL0251,B032,F030,汉口俄租界巡捕房旧址,Russian,俄租界,Column,柱12.png,1,C1,Brick-textured/articulated grouping,12.156291
COL0252,B032,F030,汉口俄租界巡捕房旧址,Russian,俄租界,Column,柱13.png,1,C1,Brick-textured/articulated grouping,9.629354
COL0253,B032,F030,汉口俄租界巡捕房旧址,Russian,俄租界,Column,柱14.png,1,C1,Brick-textured/articulated grouping,9.601128
COL0254,B032,F030,汉口俄租界巡捕房旧址,Russian,俄租界,Column,柱15.png,1,C1,Brick-textured/articulated grouping,8.487209
COL0255,B032,F030,汉口俄租界巡捕房旧址,Russian,俄租界,Column,柱16.png,1,C1,Brick-textured/articulated grouping,7.909287
COL0256,B032,F030,汉口俄租界巡捕房旧址,Russian,俄租界,Column,柱17.png,1,C1,Brick-textured/articulated grouping,8.653839
COL0257,B032,F030,汉口俄租界巡捕房旧址,Russian,俄租界,Column,柱18.png,1,C1,Brick-textured/articulated grouping,8.797603
COL0258,B032,F030,汉口俄租界巡捕房旧址,Russian,俄租界,Column,柱19.png,1,C1,Brick-textured/articulated grouping,10.879091
COL0259,B032,F030,汉口俄租界巡捕房旧址,Russian,俄租界,Column,柱2.png,1,C1,Brick-textured/articulated grouping,10.209996
COL0260,B032,F030,汉口俄租界巡捕房旧址,Russian,俄租界,Column,柱20.png,1,C1,Brick-textured/articulated grouping,9.18738
COL0261,B032,F030,汉口俄租界巡捕房旧址,Russian,俄租界,Column,柱21.png,1,C1,Brick-textured/articulated grouping,9.087601
COL0262,B032,F030,汉口俄租界巡捕房旧址,Russian,俄租界,Column,柱22.png,1,C1,Brick-textured/articulated grouping,13.440246
COL0263,B032,F030,汉口俄租界巡捕房旧址,Russian,俄租界,Column,柱23.png,1,C1,Brick-textured/articulated grouping,9.253585
COL0264,B032,F030,汉口俄租界巡捕房旧址,Russian,俄租界,Column,柱24.png,1,C1,Brick-textured/articulated grouping,8.326081
COL0265,B032,F030,汉口俄租界巡捕房旧址,Russian,俄租界,Column,柱25.png,1,C1,Brick-textured/articulated grouping,9.7430525
COL0266,B032,F030,汉口俄租界巡捕房旧址,Russian,俄租界,Column,柱26.png,1,C1,Brick-textured/articulated grouping,8.56036
COL0267,B032,F030,汉口俄租界巡捕房旧址,Russian,俄租界,Column,柱27.png,1,C1,Brick-textured/articulated grouping,9.147852
COL0268,B032,F030,汉口俄租界巡捕房旧址,Russian,俄租界,Column,柱28.png,1,C1,Brick-textured/articulated grouping,9.304062
COL0269,B032,F030,汉口俄租界巡捕房旧址,Russian,俄租界,Column,柱29.png,1,C1,Brick-textured/articulated grouping,7.0336547
COL0270,B032,F030,汉口俄租界巡捕房旧址,Russian,俄租界,Column,柱3.png,1,C1,Brick-textured/articulated grouping,11.521577
COL0271,B032,F030,汉口俄租界巡捕房旧址,Russian,俄租界,Column,柱30.png,1,C1,Brick-textured/articulated grouping,11.051578
COL0272,B032,F030,汉口俄租界巡捕房旧址,Russian,俄租界,Column,柱31.png,1,C1,Brick-textured/articulated grouping,10.272685
COL0273,B032,F030,汉口俄租界巡捕房旧址,Russian,俄租界,Column,柱32.png,1,C1,Brick-textured/articulated grouping,9.234025
COL0274,B032,F030,汉口俄租界巡捕房旧址,Russian,俄租界,Column,柱33.png,1,C1,Brick-textured/articulated grouping,10.072191
COL0275,B032,F030,汉口俄租界巡捕房旧址,Russian,俄租界,Column,柱4.png,1,C1,Brick-textured/articulated grouping,10.960382
COL0276,B032,F030,汉口俄租界巡捕房旧址,Russian,俄租界,Column,柱5.png,1,C1,Brick-textured/articulated grouping,7.107511
COL0277,B032,F030,汉口俄租界巡捕房旧址,Russian,俄租界,Column,柱6.png,1,C1,Brick-textured/articulated grouping,5.7965603
COL0278,B032,F030,汉口俄租界巡捕房旧址,Russian,俄租界,Column,柱7.png,1,C1,Brick-textured/articulated grouping,7.203277
COL0279,B032,F030,汉口俄租界巡捕房旧址,Russian,俄租界,Column,柱8.png,1,C1,Brick-textured/articulated grouping,12.400214
COL0280,B032,F030,汉口俄租界巡捕房旧址,Russian,俄租界,Column,柱9.png,1,C1,Brick-textured/articulated grouping,10.367863
COL0281,B042,F031,市政府礼堂（原法国市政厅）,French,法租界,Column,柱1.png,2,C2,Plain-rectilinear grouping,11.607557
COL0282,B042,F031,市政府礼堂（原法国市政厅）,French,法租界,Column,柱2.png,2,C2,Plain-rectilinear grouping,8.906751
COL0283,B042,F031,市政府礼堂（原法国市政厅）,French,法租界,Column,柱3.png,2,C2,Plain-rectilinear grouping,10.326395
COL0284,B042,F031,市政府礼堂（原法国市政厅）,French,法租界,Column,柱4.png,2,C2,Plain-rectilinear grouping,11.053457
COL0285,B052,F032,铁路饭店,French,法租界,Column,柱1.png,2,C2,Plain-rectilinear grouping,12.919206
COL0286,B052,F032,铁路饭店,French,法租界,Column,柱2.png,2,C2,Plain-rectilinear grouping,13.364723
COL0287,B051,F033,平汉铁路局宿舍,French,法租界,Column,柱1.png,2,C2,Plain-rectilinear grouping,13.735792
COL0288,B051,F033,平汉铁路局宿舍,French,法租界,Column,柱10.png,2,C2,Plain-rectilinear grouping,10.003788
COL0289,B051,F033,平汉铁路局宿舍,French,法租界,Column,柱11.png,2,C2,Plain-rectilinear grouping,12.612592
COL0290,B051,F033,平汉铁路局宿舍,French,法租界,Column,柱12.png,2,C2,Plain-rectilinear grouping,9.9889
COL0291,B051,F033,平汉铁路局宿舍,French,法租界,Column,柱13.png,2,C2,Plain-rectilinear grouping,10.329782
COL0292,B051,F033,平汉铁路局宿舍,French,法租界,Column,柱14.png,2,C2,Plain-rectilinear grouping,11.53665
COL0293,B051,F033,平汉铁路局宿舍,French,法租界,Column,柱15.png,2,C2,Plain-rectilinear grouping,9.561202
COL0294,B051,F033,平汉铁路局宿舍,French,法租界,Column,柱16.png,2,C2,Plain-rectilinear grouping,11.108258
COL0295,B051,F033,平汉铁路局宿舍,French,法租界,Column,柱17.png,2,C2,Plain-rectilinear grouping,10.233017
COL0296,B051,F033,平汉铁路局宿舍,French,法租界,Column,柱18.png,2,C2,Plain-rectilinear grouping,9.911781
COL0297,B051,F033,平汉铁路局宿舍,French,法租界,Column,柱2.png,2,C2,Plain-rectilinear grouping,15.065938
COL0298,B051,F033,平汉铁路局宿舍,French,法租界,Column,柱3.png,2,C2,Plain-rectilinear grouping,15.261256
COL0299,B051,F033,平汉铁路局宿舍,French,法租界,Column,柱4.png,2,C2,Plain-rectilinear grouping,13.840665
COL0300,B051,F033,平汉铁路局宿舍,French,法租界,Column,柱5.png,2,C2,Plain-rectilinear grouping,12.408447
COL0301,B051,F033,平汉铁路局宿舍,French,法租界,Column,柱6.png,2,C2,Plain-rectilinear grouping,12.859559
COL0302,B051,F033,平汉铁路局宿舍,French,法租界,Column,柱7.png,2,C2,Plain-rectilinear grouping,13.479249
COL0303,B051,F033,平汉铁路局宿舍,French,法租界,Column,柱8.png,2,C2,Plain-rectilinear grouping,12.779026
COL0304,B051,F033,平汉铁路局宿舍,French,法租界,Column,柱9.png,2,C2,Plain-rectilinear grouping,10.50504
COL0305,B051,F034,平汉铁路局宿舍,French,法租界,Column,柱1.png,2,C2,Plain-rectilinear grouping,14.732081
COL0306,B051,F034,平汉铁路局宿舍,French,法租界,Column,柱10.png,2,C2,Plain-rectilinear grouping,12.575076
COL0307,B051,F034,平汉铁路局宿舍,French,法租界,Column,柱11.png,2,C2,Plain-rectilinear grouping,10.97689
COL0308,B051,F034,平汉铁路局宿舍,French,法租界,Column,柱12.png,2,C2,Plain-rectilinear grouping,13.040578
COL0309,B051,F034,平汉铁路局宿舍,French,法租界,Column,柱2.png,2,C2,Plain-rectilinear grouping,10.916058
COL0310,B051,F034,平汉铁路局宿舍,French,法租界,Column,柱3.png,2,C2,Plain-rectilinear grouping,13.831395
COL0311,B051,F034,平汉铁路局宿舍,French,法租界,Column,柱4.png,2,C2,Plain-rectilinear grouping,13.86253
COL0312,B051,F034,平汉铁路局宿舍,French,法租界,Column,柱5.png,2,C2,Plain-rectilinear grouping,10.699573
COL0313,B051,F034,平汉铁路局宿舍,French,法租界,Column,柱6.png,2,C2,Plain-rectilinear grouping,11.895324
COL0314,B051,F034,平汉铁路局宿舍,French,法租界,Column,柱7.png,2,C2,Plain-rectilinear grouping,12.830426
COL0315,B051,F034,平汉铁路局宿舍,French,法租界,Column,柱8.png,2,C2,Plain-rectilinear grouping,10.267652
COL0316,B051,F034,平汉铁路局宿舍,French,法租界,Column,柱9.png,2,C2,Plain-rectilinear grouping,16.128042
COL0317,B050,F035,胜利街 237-243 号建筑,French,法租界,Column,柱1.png,2,C2,Plain-rectilinear grouping,8.146821
COL0318,B050,F035,胜利街 237-243 号建筑,French,法租界,Column,柱10.png,2,C2,Plain-rectilinear grouping,12.858247
COL0319,B050,F035,胜利街 237-243 号建筑,French,法租界,Column,柱11.png,2,C2,Plain-rectilinear grouping,12.5331545
COL0320,B050,F035,胜利街 237-243 号建筑,French,法租界,Column,柱12.png,2,C2,Plain-rectilinear grouping,14.102257
COL0321,B050,F035,胜利街 237-243 号建筑,French,法租界,Column,柱2.png,2,C2,Plain-rectilinear grouping,10.5605955
COL0322,B050,F035,胜利街 237-243 号建筑,French,法租界,Column,柱3.png,2,C2,Plain-rectilinear grouping,10.120752
COL0323,B050,F035,胜利街 237-243 号建筑,French,法租界,Column,柱4.png,2,C2,Plain-rectilinear grouping,9.402409
COL0324,B050,F035,胜利街 237-243 号建筑,French,法租界,Column,柱5.png,2,C2,Plain-rectilinear grouping,11.081569
COL0325,B050,F035,胜利街 237-243 号建筑,French,法租界,Column,柱6.png,2,C2,Plain-rectilinear grouping,11.480579
COL0326,B050,F035,胜利街 237-243 号建筑,French,法租界,Column,柱7.png,2,C2,Plain-rectilinear grouping,12.806031
COL0327,B050,F035,胜利街 237-243 号建筑,French,法租界,Column,柱8.png,2,C2,Plain-rectilinear grouping,11.822978
COL0328,B050,F035,胜利街 237-243 号建筑,French,法租界,Column,柱9.png,2,C2,Plain-rectilinear grouping,13.124944
COL0329,B049,F036,德明饭店,French,法租界,Column,柱1.png,2,C2,Plain-rectilinear grouping,10.137349
COL0330,B049,F036,德明饭店,French,法租界,Column,柱10.png,2,C2,Plain-rectilinear grouping,11.118393
COL0331,B049,F036,德明饭店,French,法租界,Column,柱11.png,2,C2,Plain-rectilinear grouping,13.41035
COL0332,B049,F036,德明饭店,French,法租界,Column,柱12.png,2,C2,Plain-rectilinear grouping,14.086699
COL0333,B049,F036,德明饭店,French,法租界,Column,柱13.png,2,C2,Plain-rectilinear grouping,11.522599
COL0334,B049,F036,德明饭店,French,法租界,Column,柱14.png,2,C2,Plain-rectilinear grouping,12.751044
COL0335,B049,F036,德明饭店,French,法租界,Column,柱2.png,2,C2,Plain-rectilinear grouping,10.432932
COL0336,B049,F036,德明饭店,French,法租界,Column,柱3.png,2,C2,Plain-rectilinear grouping,9.621922
COL0337,B049,F036,德明饭店,French,法租界,Column,柱4.png,2,C2,Plain-rectilinear grouping,11.029323
COL0338,B049,F036,德明饭店,French,法租界,Column,柱5.png,2,C2,Plain-rectilinear grouping,10.6429825
COL0339,B049,F036,德明饭店,French,法租界,Column,柱6.png,2,C2,Plain-rectilinear grouping,10.652673
COL0340,B049,F036,德明饭店,French,法租界,Column,柱7.png,2,C2,Plain-rectilinear grouping,14.047894
COL0341,B049,F036,德明饭店,French,法租界,Column,柱8.png,2,C2,Plain-rectilinear grouping,11.240206
COL0342,B049,F036,德明饭店,French,法租界,Column,柱9.png,2,C2,Plain-rectilinear grouping,11.460925
COL0343,B048,F037,周苍柏公馆,French,法租界,Column,柱1.png,1,C1,Brick-textured/articulated grouping,9.3396845
COL0344,B048,F037,周苍柏公馆,French,法租界,Column,柱10.png,1,C1,Brick-textured/articulated grouping,14.427873
COL0345,B048,F037,周苍柏公馆,French,法租界,Column,柱11.png,1,C1,Brick-textured/articulated grouping,14.376767
COL0346,B048,F037,周苍柏公馆,French,法租界,Column,柱12.png,1,C1,Brick-textured/articulated grouping,12.532818
COL0347,B048,F037,周苍柏公馆,French,法租界,Column,柱2.png,1,C1,Brick-textured/articulated grouping,9.707709
COL0348,B048,F037,周苍柏公馆,French,法租界,Column,柱3.png,1,C1,Brick-textured/articulated grouping,11.015434
COL0349,B048,F037,周苍柏公馆,French,法租界,Column,柱4.png,1,C1,Brick-textured/articulated grouping,12.683724
COL0350,B048,F037,周苍柏公馆,French,法租界,Column,柱5.png,1,C1,Brick-textured/articulated grouping,12.924658
COL0351,B048,F037,周苍柏公馆,French,法租界,Column,柱6.png,1,C1,Brick-textured/articulated grouping,9.900694
COL0352,B048,F037,周苍柏公馆,French,法租界,Column,柱7.png,1,C1,Brick-textured/articulated grouping,13.023297
COL0353,B048,F037,周苍柏公馆,French,法租界,Column,柱8.png,1,C1,Brick-textured/articulated grouping,12.013124
COL0354,B048,F037,周苍柏公馆,French,法租界,Column,柱9.png,1,C1,Brick-textured/articulated grouping,11.398977
COL0355,B024,F038,五花宾馆,Russian,俄租界,Column,柱1.png,2,C2,Plain-rectilinear grouping,10.991911
COL0356,B024,F038,五花宾馆,Russian,俄租界,Column,柱2.png,2,C2,Plain-rectilinear grouping,11.844703
COL0357,B024,F038,五花宾馆,Russian,俄租界,Column,柱3.png,2,C2,Plain-rectilinear grouping,12.318359
COL0358,B024,F038,五花宾馆,Russian,俄租界,Column,柱4.png,2,C2,Plain-rectilinear grouping,11.171282
COL0359,B024,F038,五花宾馆,Russian,俄租界,Column,柱5.png,2,C2,Plain-rectilinear grouping,12.032919
COL0360,B024,F038,五花宾馆,Russian,俄租界,Column,柱6.png,2,C2,Plain-rectilinear grouping,11.593437
COL0361,B024,F039,五花宾馆,Russian,俄租界,Column,柱1.png,2,C2,Plain-rectilinear grouping,12.9864235
COL0362,B024,F039,五花宾馆,Russian,俄租界,Column,柱2.png,2,C2,Plain-rectilinear grouping,10.87946
COL0363,B024,F039,五花宾馆,Russian,俄租界,Column,柱3.png,2,C2,Plain-rectilinear grouping,14.213189
COL0364,B024,F039,五花宾馆,Russian,俄租界,Column,柱4.png,2,C2,Plain-rectilinear grouping,11.499898
COL0365,B024,F039,五花宾馆,Russian,俄租界,Column,柱5.png,2,C2,Plain-rectilinear grouping,11.11986
COL0366,B024,F039,五花宾馆,Russian,俄租界,Column,柱6.png,2,C2,Plain-rectilinear grouping,10.97892
COL0367,B042,F040,市政府礼堂（原法国市政厅）,French,法租界,Column,柱1.png,2,C2,Plain-rectilinear grouping,9.456996
COL0368,B042,F040,市政府礼堂（原法国市政厅）,French,法租界,Column,柱2.png,2,C2,Plain-rectilinear grouping,11.174828
COL0369,B042,F040,市政府礼堂（原法国市政厅）,French,法租界,Column,柱3.png,2,C2,Plain-rectilinear grouping,14.906454
COL0370,B042,F040,市政府礼堂（原法国市政厅）,French,法租界,Column,柱4.png,2,C2,Plain-rectilinear grouping,15.742953
COL0371,B042,F040,市政府礼堂（原法国市政厅）,French,法租界,Column,柱5.png,2,C2,Plain-rectilinear grouping,12.844315
COL0372,B042,F040,市政府礼堂（原法国市政厅）,French,法租界,Column,柱6.png,2,C2,Plain-rectilinear grouping,13.592664
COL0373,B042,F040,市政府礼堂（原法国市政厅）,French,法租界,Column,柱7.png,2,C2,Plain-rectilinear grouping,14.265735
COL0374,B042,F040,市政府礼堂（原法国市政厅）,French,法租界,Column,柱8.png,2,C2,Plain-rectilinear grouping,14.958571
COL0375,B042,F040,市政府礼堂（原法国市政厅）,French,法租界,Column,柱9.png,2,C2,Plain-rectilinear grouping,14.103089
COL0376,B055,F041,胜利街 307 号建筑,German,德租界,Column,柱1.png,2,C2,Plain-rectilinear grouping,12.218934
COL0377,B054,F042,胜利街 325 号建筑,German,德租界,Column,柱1.png,2,C2,Plain-rectilinear grouping,12.965672
COL0378,B054,F042,胜利街 325 号建筑,German,德租界,Column,柱10.png,2,C2,Plain-rectilinear grouping,13.817636
COL0379,B054,F042,胜利街 325 号建筑,German,德租界,Column,柱2.png,2,C2,Plain-rectilinear grouping,10.972215
COL0380,B054,F042,胜利街 325 号建筑,German,德租界,Column,柱3.png,2,C2,Plain-rectilinear grouping,15.524319
COL0381,B054,F042,胜利街 325 号建筑,German,德租界,Column,柱4.png,2,C2,Plain-rectilinear grouping,12.78633
COL0382,B054,F042,胜利街 325 号建筑,German,德租界,Column,柱5.png,2,C2,Plain-rectilinear grouping,12.549997
COL0383,B054,F042,胜利街 325 号建筑,German,德租界,Column,柱6.png,2,C2,Plain-rectilinear grouping,11.218009
COL0384,B054,F042,胜利街 325 号建筑,German,德租界,Column,柱7.png,2,C2,Plain-rectilinear grouping,12.298576
COL0385,B054,F042,胜利街 325 号建筑,German,德租界,Column,柱8.png,2,C2,Plain-rectilinear grouping,11.755477
COL0386,B054,F042,胜利街 325 号建筑,German,德租界,Column,柱9.png,2,C2,Plain-rectilinear grouping,12.466066
COL0387,B011,F043,圣教书局旧址,British,英租界,Column,柱1.png,2,C2,Plain-rectilinear grouping,12.469881
COL0388,B011,F043,圣教书局旧址,British,英租界,Column,柱10.png,2,C2,Plain-rectilinear grouping,13.65829
COL0389,B011,F043,圣教书局旧址,British,英租界,Column,柱11.png,2,C2,Plain-rectilinear grouping,12.130064
COL0390,B011,F043,圣教书局旧址,British,英租界,Column,柱12.png,2,C2,Plain-rectilinear grouping,12.446375
COL0391,B011,F043,圣教书局旧址,British,英租界,Column,柱13.png,2,C2,Plain-rectilinear grouping,12.103235
COL0392,B011,F043,圣教书局旧址,British,英租界,Column,柱14.png,2,C2,Plain-rectilinear grouping,11.829598
COL0393,B011,F043,圣教书局旧址,British,英租界,Column,柱2.png,2,C2,Plain-rectilinear grouping,11.953863
COL0394,B011,F043,圣教书局旧址,British,英租界,Column,柱3.png,2,C2,Plain-rectilinear grouping,18.721497
COL0395,B011,F043,圣教书局旧址,British,英租界,Column,柱4.png,2,C2,Plain-rectilinear grouping,12.891822
COL0396,B011,F043,圣教书局旧址,British,英租界,Column,柱5.png,2,C2,Plain-rectilinear grouping,13.612282
COL0397,B011,F043,圣教书局旧址,British,英租界,Column,柱6.png,2,C2,Plain-rectilinear grouping,12.835869
COL0398,B011,F043,圣教书局旧址,British,英租界,Column,柱7.png,2,C2,Plain-rectilinear grouping,17.220787
COL0399,B011,F043,圣教书局旧址,British,英租界,Column,柱8.png,2,C2,Plain-rectilinear grouping,16.124596
COL0400,B011,F043,圣教书局旧址,British,英租界,Column,柱9.png,2,C2,Plain-rectilinear grouping,12.827224
COL0401,B059,F044,胜利街 331 号建筑,Japanese,日租界,Column,柱1.png,1,C1,Brick-textured/articulated grouping,18.95688
COL0402,B059,F044,胜利街 331 号建筑,Japanese,日租界,Column,柱2.png,1,C1,Brick-textured/articulated grouping,17.615227
COL0403,B058,F045,胜利街 333 号建筑,Japanese,日租界,Column,柱1.png,2,C2,Plain-rectilinear grouping,10.6937685
COL0404,B058,F045,胜利街 333 号建筑,Japanese,日租界,Column,柱2.png,2,C2,Plain-rectilinear grouping,14.379138
COL0405,B058,F045,胜利街 333 号建筑,Japanese,日租界,Column,柱3.png,1,C1,Brick-textured/articulated grouping,11.908992
COL0406,B058,F045,胜利街 333 号建筑,Japanese,日租界,Column,柱4.png,1,C1,Brick-textured/articulated grouping,9.004405
COL0407,B056,F046,夏斗寅汉口公馆,Japanese,日租界,Column,柱1.png,1,C1,Brick-textured/articulated grouping,16.333612
COL0408,B056,F046,夏斗寅汉口公馆,Japanese,日租界,Column,柱2.png,2,C2,Plain-rectilinear grouping,15.827592
COL0409,B056,F046,夏斗寅汉口公馆,Japanese,日租界,Column,柱3.png,1,C1,Brick-textured/articulated grouping,10.460617
COL0410,B056,F046,夏斗寅汉口公馆,Japanese,日租界,Column,柱4.png,1,C1,Brick-textured/articulated grouping,10.034141
COL0411,B057,F047,胜利街 337 号建筑,Japanese,日租界,Column,柱1.png,1,C1,Brick-textured/articulated grouping,14.505661
COL0412,B057,F047,胜利街 337 号建筑,Japanese,日租界,Column,柱2.png,2,C2,Plain-rectilinear grouping,14.877022
COL0413,B043,F048,洞庭街 38-40 号建筑,French,法租界,Column,柱1.png,2,C2,Plain-rectilinear grouping,8.826827
COL0414,B043,F048,洞庭街 38-40 号建筑,French,法租界,Column,柱2.png,2,C2,Plain-rectilinear grouping,8.769732
COL0415,B043,F049,洞庭街 38-40 号建筑,French,法租界,Column,柱1.png,2,C2,Plain-rectilinear grouping,11.015604
COL0416,B043,F049,洞庭街 38-40 号建筑,French,法租界,Column,柱2.png,2,C2,Plain-rectilinear grouping,10.660108
COL0417,B043,F049,洞庭街 38-40 号建筑,French,法租界,Column,柱3.png,2,C2,Plain-rectilinear grouping,8.383614
COL0418,B043,F049,洞庭街 38-40 号建筑,French,法租界,Column,柱4.png,2,C2,Plain-rectilinear grouping,13.216255
COL0419,B043,F049,洞庭街 38-40 号建筑,French,法租界,Column,柱5.png,2,C2,Plain-rectilinear grouping,9.11272
COL0420,B017,F050,汉口鄱阳街 5-11 号（汉口民生轮船公司旧址）,British,英租界,Column,柱1.png,2,C2,Plain-rectilinear grouping,10.50924
COL0421,B017,F050,汉口鄱阳街 5-11 号（汉口民生轮船公司旧址）,British,英租界,Column,柱2.png,2,C2,Plain-rectilinear grouping,13.334502
COL0422,B017,F050,汉口鄱阳街 5-11 号（汉口民生轮船公司旧址）,British,英租界,Column,柱3.png,2,C2,Plain-rectilinear grouping,9.65859
COL0423,B017,F050,汉口鄱阳街 5-11 号（汉口民生轮船公司旧址）,British,英租界,Column,柱4.png,2,C2,Plain-rectilinear grouping,11.336309
COL0424,B017,F050,汉口鄱阳街 5-11 号（汉口民生轮船公司旧址）,British,英租界,Column,柱5.png,2,C2,Plain-rectilinear grouping,10.793211
COL0425,B017,F050,汉口鄱阳街 5-11 号（汉口民生轮船公司旧址）,British,英租界,Column,柱6.png,2,C2,Plain-rectilinear grouping,14.229384
COL0426,B017,F050,汉口鄱阳街 5-11 号（汉口民生轮船公司旧址）,British,英租界,Column,柱7.png,2,C2,Plain-rectilinear grouping,10.846627
COL0427,B017,F050,汉口鄱阳街 5-11 号（汉口民生轮船公司旧址）,British,英租界,Column,柱8.png,2,C2,Plain-rectilinear grouping,11.024537
COL0428,B038,F051,浸安教会学校旧址,French,法租界,Column,柱1.png,2,C2,Plain-rectilinear grouping,15.432285
COL0429,B038,F051,浸安教会学校旧址,French,法租界,Column,柱2.png,2,C2,Plain-rectilinear grouping,15.917334
COL0430,B038,F051,浸安教会学校旧址,French,法租界,Column,柱3.png,2,C2,Plain-rectilinear grouping,12.418019
COL0431,B038,F052,浸安教会学校旧址,French,法租界,Column,柱1.png,2,C2,Plain-rectilinear grouping,12.079942
COL0432,B038,F052,浸安教会学校旧址,French,法租界,Column,柱2.png,2,C2,Plain-rectilinear grouping,14.717615
COL0433,B038,F052,浸安教会学校旧址,French,法租界,Column,柱3.png,2,C2,Plain-rectilinear grouping,13.341426
COL0434,B038,F052,浸安教会学校旧址,French,法租界,Column,柱4.png,2,C2,Plain-rectilinear grouping,13.642067
COL0435,B038,F052,浸安教会学校旧址,French,法租界,Column,柱5.png,2,C2,Plain-rectilinear grouping,12.870767
COL0436,B017,F053,汉口鄱阳街 5-11 号（汉口民生轮船公司旧址）,British,英租界,Column,柱1.png,1,C1,Brick-textured/articulated grouping,12.79034
COL0437,B047,F054,望德堂,French,法租界,Column,柱1.png,2,C2,Plain-rectilinear grouping,20.725996
COL0438,B047,F054,望德堂,French,法租界,Column,柱10.png,2,C2,Plain-rectilinear grouping,11.994149
COL0439,B047,F054,望德堂,French,法租界,Column,柱11.png,2,C2,Plain-rectilinear grouping,11.052207
COL0440,B047,F054,望德堂,French,法租界,Column,柱12.png,2,C2,Plain-rectilinear grouping,10.910198
COL0441,B047,F054,望德堂,French,法租界,Column,柱13.png,2,C2,Plain-rectilinear grouping,11.499083
COL0442,B047,F054,望德堂,French,法租界,Column,柱2.png,2,C2,Plain-rectilinear grouping,13.664602
COL0443,B047,F054,望德堂,French,法租界,Column,柱3.png,2,C2,Plain-rectilinear grouping,16.51042
COL0444,B047,F054,望德堂,French,法租界,Column,柱4.png,2,C2,Plain-rectilinear grouping,19.7659
COL0445,B047,F054,望德堂,French,法租界,Column,柱5.png,2,C2,Plain-rectilinear grouping,17.144493
COL0446,B047,F054,望德堂,French,法租界,Column,柱6.png,2,C2,Plain-rectilinear grouping,17.318897
COL0447,B047,F054,望德堂,French,法租界,Column,柱7.png,2,C2,Plain-rectilinear grouping,19.01669
COL0448,B047,F054,望德堂,French,法租界,Column,柱8.png,2,C2,Plain-rectilinear grouping,17.447222
COL0449,B047,F054,望德堂,French,法租界,Column,柱9.png,2,C2,Plain-rectilinear grouping,8.149422
COL0450,B035,F055,汉口信义公所,Russian,俄租界,Column,柱1.png,2,C2,Plain-rectilinear grouping,9.528164
COL0451,B035,F055,汉口信义公所,Russian,俄租界,Column,柱2.png,2,C2,Plain-rectilinear grouping,11.826615
COL0452,B035,F055,汉口信义公所,Russian,俄租界,Column,柱3.png,2,C2,Plain-rectilinear grouping,10.266596
COL0453,B035,F055,汉口信义公所,Russian,俄租界,Column,柱4.png,2,C2,Plain-rectilinear grouping,9.741986
COL0454,B035,F055,汉口信义公所,Russian,俄租界,Column,柱5.png,2,C2,Plain-rectilinear grouping,11.811555
COL0455,B017,F056,汉口鄱阳街 5-11 号（汉口民生轮船公司旧址）,British,英租界,Column,柱1.png,2,C2,Plain-rectilinear grouping,10.799776
COL0456,B017,F056,汉口鄱阳街 5-11 号（汉口民生轮船公司旧址）,British,英租界,Column,柱2.png,2,C2,Plain-rectilinear grouping,11.265904
COL0457,B017,F056,汉口鄱阳街 5-11 号（汉口民生轮船公司旧址）,British,英租界,Column,柱3.png,2,C2,Plain-rectilinear grouping,11.155485
COL0458,B017,F056,汉口鄱阳街 5-11 号（汉口民生轮船公司旧址）,British,英租界,Column,柱4.png,2,C2,Plain-rectilinear grouping,10.907331
COL0459,B017,F056,汉口鄱阳街 5-11 号（汉口民生轮船公司旧址）,British,英租界,Column,柱5.png,2,C2,Plain-rectilinear grouping,11.1901045
COL0460,B017,F056,汉口鄱阳街 5-11 号（汉口民生轮船公司旧址）,British,英租界,Column,柱6.png,2,C2,Plain-rectilinear grouping,10.307612
COL0461,B017,F056,汉口鄱阳街 5-11 号（汉口民生轮船公司旧址）,British,英租界,Column,柱7.png,2,C2,Plain-rectilinear grouping,15.367821
COL0462,B017,F056,汉口鄱阳街 5-11 号（汉口民生轮船公司旧址）,British,英租界,Column,柱8.png,2,C2,Plain-rectilinear grouping,16.91045
COL0463,B015,F057,汉口电话局旧址,British,英租界,Column,柱1.png,1,C1,Brick-textured/articulated grouping,9.031614
COL0464,B015,F057,汉口电话局旧址,British,英租界,Column,柱10.png,1,C1,Brick-textured/articulated grouping,10.226494
COL0465,B015,F057,汉口电话局旧址,British,英租界,Column,柱11.png,1,C1,Brick-textured/articulated grouping,9.676613
COL0466,B015,F057,汉口电话局旧址,British,英租界,Column,柱12.png,1,C1,Brick-textured/articulated grouping,8.341494
COL0467,B015,F057,汉口电话局旧址,British,英租界,Column,柱13.png,1,C1,Brick-textured/articulated grouping,9.397358
COL0468,B015,F057,汉口电话局旧址,British,英租界,Column,柱14.png,1,C1,Brick-textured/articulated grouping,8.889238
COL0469,B015,F057,汉口电话局旧址,British,英租界,Column,柱15.png,1,C1,Brick-textured/articulated grouping,8.874468
COL0470,B015,F057,汉口电话局旧址,British,英租界,Column,柱16.png,1,C1,Brick-textured/articulated grouping,11.94744
COL0471,B015,F057,汉口电话局旧址,British,英租界,Column,柱2.png,1,C1,Brick-textured/articulated grouping,11.043317
COL0472,B015,F057,汉口电话局旧址,British,英租界,Column,柱3.png,1,C1,Brick-textured/articulated grouping,10.021849
COL0473,B015,F057,汉口电话局旧址,British,英租界,Column,柱4.png,1,C1,Brick-textured/articulated grouping,10.336636
COL0474,B015,F057,汉口电话局旧址,British,英租界,Column,柱5.png,1,C1,Brick-textured/articulated grouping,8.93389
COL0475,B015,F057,汉口电话局旧址,British,英租界,Column,柱6.png,1,C1,Brick-textured/articulated grouping,10.398386
COL0476,B015,F057,汉口电话局旧址,British,英租界,Column,柱7.png,1,C1,Brick-textured/articulated grouping,10.672357
COL0477,B015,F057,汉口电话局旧址,British,英租界,Column,柱8.png,1,C1,Brick-textured/articulated grouping,11.0466795
COL0478,B015,F057,汉口电话局旧址,British,英租界,Column,柱9.png,1,C1,Brick-textured/articulated grouping,10.115418
COL0479,B014,F058,汉口商业银行大楼,British,英租界,Column,柱1.png,1,C1,Brick-textured/articulated grouping,6.62563
COL0480,B014,F058,汉口商业银行大楼,British,英租界,Column,柱10.png,1,C1,Brick-textured/articulated grouping,8.950586
COL0481,B014,F058,汉口商业银行大楼,British,英租界,Column,柱11.png,1,C1,Brick-textured/articulated grouping,9.577497
COL0482,B014,F058,汉口商业银行大楼,British,英租界,Column,柱12.png,1,C1,Brick-textured/articulated grouping,10.31588
COL0483,B014,F058,汉口商业银行大楼,British,英租界,Column,柱13.png,1,C1,Brick-textured/articulated grouping,8.959593
COL0484,B014,F058,汉口商业银行大楼,British,英租界,Column,柱14.png,1,C1,Brick-textured/articulated grouping,7.46293
COL0485,B014,F058,汉口商业银行大楼,British,英租界,Column,柱15.png,1,C1,Brick-textured/articulated grouping,10.426522
COL0486,B014,F058,汉口商业银行大楼,British,英租界,Column,柱16.png,1,C1,Brick-textured/articulated grouping,8.852662
COL0487,B014,F058,汉口商业银行大楼,British,英租界,Column,柱2.png,1,C1,Brick-textured/articulated grouping,9.58032
COL0488,B014,F058,汉口商业银行大楼,British,英租界,Column,柱3.png,1,C1,Brick-textured/articulated grouping,9.344051
COL0489,B014,F058,汉口商业银行大楼,British,英租界,Column,柱4.png,1,C1,Brick-textured/articulated grouping,17.462809
COL0490,B014,F058,汉口商业银行大楼,British,英租界,Column,柱5.png,1,C1,Brick-textured/articulated grouping,7.6876907
COL0491,B014,F058,汉口商业银行大楼,British,英租界,Column,柱6.png,1,C1,Brick-textured/articulated grouping,10.331241
COL0492,B014,F058,汉口商业银行大楼,British,英租界,Column,柱7.png,1,C1,Brick-textured/articulated grouping,10.149987
COL0493,B014,F058,汉口商业银行大楼,British,英租界,Column,柱8.png,1,C1,Brick-textured/articulated grouping,11.634971
COL0494,B014,F058,汉口商业银行大楼,British,英租界,Column,柱9.png,1,C1,Brick-textured/articulated grouping,8.051539
COL0495,B010,F059,大孚银行（汉口分行）旧址,British,英租界,Column,柱1.png,2,C2,Plain-rectilinear grouping,14.134498
COL0496,B010,F059,大孚银行（汉口分行）旧址,British,英租界,Column,柱2.png,2,C2,Plain-rectilinear grouping,14.660637
COL0497,B010,F059,大孚银行（汉口分行）旧址,British,英租界,Column,柱3.png,2,C2,Plain-rectilinear grouping,13.428597
COL0498,B010,F059,大孚银行（汉口分行）旧址,British,英租界,Column,柱4.png,2,C2,Plain-rectilinear grouping,10.902097
COL0499,B053,F060,赞誉药房旧址,French,法租界,Column,柱1.png,2,C2,Plain-rectilinear grouping,14.224892
COL0500,B053,F060,赞誉药房旧址,French,法租界,Column,柱2.png,2,C2,Plain-rectilinear grouping,16.492756
COL0501,B053,F060,赞誉药房旧址,French,法租界,Column,柱3.png,2,C2,Plain-rectilinear grouping,12.704493
COL0502,B053,F060,赞誉药房旧址,French,法租界,Column,柱4.png,2,C2,Plain-rectilinear grouping,16.229408
COL0503,B053,F060,赞誉药房旧址,French,法租界,Column,柱5.png,2,C2,Plain-rectilinear grouping,13.887963
COL0504,B053,F060,赞誉药房旧址,French,法租界,Column,柱6.png,2,C2,Plain-rectilinear grouping,12.158191
COL0505,B041,F061,中山大道 889 号建筑,French,法租界,Column,柱1.png,1,C1,Brick-textured/articulated grouping,11.262715
COL0506,B041,F061,中山大道 889 号建筑,French,法租界,Column,柱10.png,1,C1,Brick-textured/articulated grouping,15.26568
COL0507,B041,F061,中山大道 889 号建筑,French,法租界,Column,柱11.png,1,C1,Brick-textured/articulated grouping,14.965958
COL0508,B041,F061,中山大道 889 号建筑,French,法租界,Column,柱12.png,1,C1,Brick-textured/articulated grouping,13.884418
COL0509,B041,F061,中山大道 889 号建筑,French,法租界,Column,柱13.png,1,C1,Brick-textured/articulated grouping,16.7962
COL0510,B041,F061,中山大道 889 号建筑,French,法租界,Column,柱14.png,1,C1,Brick-textured/articulated grouping,22.36572
COL0511,B041,F061,中山大道 889 号建筑,French,法租界,Column,柱15.png,1,C1,Brick-textured/articulated grouping,15.213519
COL0512,B041,F061,中山大道 889 号建筑,French,法租界,Column,柱2.png,1,C1,Brick-textured/articulated grouping,7.925938
COL0513,B041,F061,中山大道 889 号建筑,French,法租界,Column,柱3.png,1,C1,Brick-textured/articulated grouping,12.5445595
COL0514,B041,F061,中山大道 889 号建筑,French,法租界,Column,柱4.png,1,C1,Brick-textured/articulated grouping,10.475088
COL0515,B041,F061,中山大道 889 号建筑,French,法租界,Column,柱5.png,1,C1,Brick-textured/articulated grouping,8.965338
COL0516,B041,F061,中山大道 889 号建筑,French,法租界,Column,柱6.png,1,C1,Brick-textured/articulated grouping,9.496241
COL0517,B041,F061,中山大道 889 号建筑,French,法租界,Column,柱7.png,1,C1,Brick-textured/articulated grouping,10.822698
COL0518,B041,F061,中山大道 889 号建筑,French,法租界,Column,柱8.png,1,C1,Brick-textured/articulated grouping,11.474207
COL0519,B041,F061,中山大道 889 号建筑,French,法租界,Column,柱9.png,1,C1,Brick-textured/articulated grouping,9.017863
COL0520,B040,F062,中山大道 891-903 号建筑,French,法租界,Column,柱1.png,1,C1,Brick-textured/articulated grouping,11.0833235
COL0521,B040,F062,中山大道 891-903 号建筑,French,法租界,Column,柱10.png,1,C1,Brick-textured/articulated grouping,8.0432205
COL0522,B040,F062,中山大道 891-903 号建筑,French,法租界,Column,柱11.png,1,C1,Brick-textured/articulated grouping,9.045016
COL0523,B040,F062,中山大道 891-903 号建筑,French,法租界,Column,柱12.png,1,C1,Brick-textured/articulated grouping,10.11042
COL0524,B040,F062,中山大道 891-903 号建筑,French,法租界,Column,柱13.png,1,C1,Brick-textured/articulated grouping,7.002815
COL0525,B040,F062,中山大道 891-903 号建筑,French,法租界,Column,柱14.png,1,C1,Brick-textured/articulated grouping,8.925453
COL0526,B040,F062,中山大道 891-903 号建筑,French,法租界,Column,柱15.png,1,C1,Brick-textured/articulated grouping,14.231937
COL0527,B040,F062,中山大道 891-903 号建筑,French,法租界,Column,柱2.png,1,C1,Brick-textured/articulated grouping,9.182109
COL0528,B040,F062,中山大道 891-903 号建筑,French,法租界,Column,柱3.png,1,C1,Brick-textured/articulated grouping,10.344557
COL0529,B040,F062,中山大道 891-903 号建筑,French,法租界,Column,柱4.png,1,C1,Brick-textured/articulated grouping,9.523787
COL0530,B040,F062,中山大道 891-903 号建筑,French,法租界,Column,柱5.png,1,C1,Brick-textured/articulated grouping,11.730789
COL0531,B040,F062,中山大道 891-903 号建筑,French,法租界,Column,柱6.png,1,C1,Brick-textured/articulated grouping,9.148335
COL0532,B040,F062,中山大道 891-903 号建筑,French,法租界,Column,柱7.png,1,C1,Brick-textured/articulated grouping,10.367629
COL0533,B040,F062,中山大道 891-903 号建筑,French,法租界,Column,柱8.png,1,C1,Brick-textured/articulated grouping,11.528291
COL0534,B040,F062,中山大道 891-903 号建筑,French,法租界,Column,柱9.png,1,C1,Brick-textured/articulated grouping,8.466732
COL0535,B016,F063,汉口盐业银行大楼,British,英租界,Column,柱1.png,1,C1,Brick-textured/articulated grouping,10.101738
COL0536,B016,F063,汉口盐业银行大楼,British,英租界,Column,柱10.png,1,C1,Brick-textured/articulated grouping,8.677466
COL0537,B016,F063,汉口盐业银行大楼,British,英租界,Column,柱11.png,1,C1,Brick-textured/articulated grouping,11.479608
COL0538,B016,F063,汉口盐业银行大楼,British,英租界,Column,柱12.png,1,C1,Brick-textured/articulated grouping,8.789341
COL0539,B016,F063,汉口盐业银行大楼,British,英租界,Column,柱13.png,1,C1,Brick-textured/articulated grouping,8.364071
COL0540,B016,F063,汉口盐业银行大楼,British,英租界,Column,柱14.png,1,C1,Brick-textured/articulated grouping,7.8667436
COL0541,B016,F063,汉口盐业银行大楼,British,英租界,Column,柱15.png,1,C1,Brick-textured/articulated grouping,8.951144
COL0542,B016,F063,汉口盐业银行大楼,British,英租界,Column,柱16.png,1,C1,Brick-textured/articulated grouping,8.68515
COL0543,B016,F063,汉口盐业银行大楼,British,英租界,Column,柱17.png,1,C1,Brick-textured/articulated grouping,10.634637
COL0544,B016,F063,汉口盐业银行大楼,British,英租界,Column,柱18.png,1,C1,Brick-textured/articulated grouping,9.700218
COL0545,B016,F063,汉口盐业银行大楼,British,英租界,Column,柱2.png,1,C1,Brick-textured/articulated grouping,9.769116
COL0546,B016,F063,汉口盐业银行大楼,British,英租界,Column,柱3.png,1,C1,Brick-textured/articulated grouping,13.065072
COL0547,B016,F063,汉口盐业银行大楼,British,英租界,Column,柱4.png,1,C1,Brick-textured/articulated grouping,8.195836
COL0548,B016,F063,汉口盐业银行大楼,British,英租界,Column,柱5.png,1,C1,Brick-textured/articulated grouping,8.062536
COL0549,B016,F063,汉口盐业银行大楼,British,英租界,Column,柱6.png,1,C1,Brick-textured/articulated grouping,7.285572
COL0550,B016,F063,汉口盐业银行大楼,British,英租界,Column,柱7.png,1,C1,Brick-textured/articulated grouping,6.738323
COL0551,B016,F063,汉口盐业银行大楼,British,英租界,Column,柱8.png,1,C1,Brick-textured/articulated grouping,9.616405
COL0552,B016,F063,汉口盐业银行大楼,British,英租界,Column,柱9.png,1,C1,Brick-textured/articulated grouping,8.848171
COL0553,B034,F064,中山大道895-897号建筑,Russian,俄租界,Column,柱1.png,1,C1,Brick-textured/articulated grouping,7.220594
COL0554,B034,F064,中山大道895-897号建筑,Russian,俄租界,Column,柱10.png,1,C1,Brick-textured/articulated grouping,9.211038
COL0555,B034,F064,中山大道895-897号建筑,Russian,俄租界,Column,柱11.png,1,C1,Brick-textured/articulated grouping,9.341166
COL0556,B034,F064,中山大道895-897号建筑,Russian,俄租界,Column,柱12.png,1,C1,Brick-textured/articulated grouping,12.535534
COL0557,B034,F064,中山大道895-897号建筑,Russian,俄租界,Column,柱13.png,1,C1,Brick-textured/articulated grouping,10.558515
COL0558,B034,F064,中山大道895-897号建筑,Russian,俄租界,Column,柱14.png,1,C1,Brick-textured/articulated grouping,11.824986
COL0559,B034,F064,中山大道895-897号建筑,Russian,俄租界,Column,柱15.png,1,C1,Brick-textured/articulated grouping,9.881184
COL0560,B034,F064,中山大道895-897号建筑,Russian,俄租界,Column,柱16.png,1,C1,Brick-textured/articulated grouping,10.73123
COL0561,B034,F064,中山大道895-897号建筑,Russian,俄租界,Column,柱17.png,1,C1,Brick-textured/articulated grouping,8.70549
COL0562,B034,F064,中山大道895-897号建筑,Russian,俄租界,Column,柱18.png,1,C1,Brick-textured/articulated grouping,8.724009
COL0563,B034,F064,中山大道895-897号建筑,Russian,俄租界,Column,柱19.png,1,C1,Brick-textured/articulated grouping,9.562697
COL0564,B034,F064,中山大道895-897号建筑,Russian,俄租界,Column,柱2.png,1,C1,Brick-textured/articulated grouping,14.935599
COL0565,B034,F064,中山大道895-897号建筑,Russian,俄租界,Column,柱20.png,1,C1,Brick-textured/articulated grouping,10.567173
COL0566,B034,F064,中山大道895-897号建筑,Russian,俄租界,Column,柱3.png,1,C1,Brick-textured/articulated grouping,9.836416
COL0567,B034,F064,中山大道895-897号建筑,Russian,俄租界,Column,柱4.png,1,C1,Brick-textured/articulated grouping,12.734345
COL0568,B034,F064,中山大道895-897号建筑,Russian,俄租界,Column,柱5.png,1,C1,Brick-textured/articulated grouping,10.403894
COL0569,B034,F064,中山大道895-897号建筑,Russian,俄租界,Column,柱6.png,1,C1,Brick-textured/articulated grouping,8.93985
COL0570,B034,F064,中山大道895-897号建筑,Russian,俄租界,Column,柱7.png,1,C1,Brick-textured/articulated grouping,8.583717
COL0571,B034,F064,中山大道895-897号建筑,Russian,俄租界,Column,柱8.png,1,C1,Brick-textured/articulated grouping,10.810761
COL0572,B034,F064,中山大道895-897号建筑,Russian,俄租界,Column,柱9.png,1,C1,Brick-textured/articulated grouping,15.309677
COL0573,B004,F065,中孚银行（汉口分行）旧址,British,英租界,Column,柱1.png,1,C1,Brick-textured/articulated grouping,11.836295
COL0574,B004,F065,中孚银行（汉口分行）旧址,British,英租界,Column,柱2.png,1,C1,Brick-textured/articulated grouping,10.574453
COL0575,B004,F065,中孚银行（汉口分行）旧址,British,英租界,Column,柱3.png,1,C1,Brick-textured/articulated grouping,14.074029
COL0576,B004,F065,中孚银行（汉口分行）旧址,British,英租界,Column,柱4.png,1,C1,Brick-textured/articulated grouping,13.11014
COL0577,B004,F065,中孚银行（汉口分行）旧址,British,英租界,Column,柱5.png,1,C1,Brick-textured/articulated grouping,11.580555
COL0578,B021,F066,上海银行汉口分行旧址（含中南银行）,British,英租界,Column,柱1.png,1,C1,Brick-textured/articulated grouping,10.266381
COL0579,B021,F066,上海银行汉口分行旧址（含中南银行）,British,英租界,Column,柱10.png,1,C1,Brick-textured/articulated grouping,8.859401
COL0580,B021,F066,上海银行汉口分行旧址（含中南银行）,British,英租界,Column,柱11.png,1,C1,Brick-textured/articulated grouping,8.171394
COL0581,B021,F066,上海银行汉口分行旧址（含中南银行）,British,英租界,Column,柱12.png,1,C1,Brick-textured/articulated grouping,8.622887
COL0582,B021,F066,上海银行汉口分行旧址（含中南银行）,British,英租界,Column,柱13.png,1,C1,Brick-textured/articulated grouping,8.567988
COL0583,B021,F066,上海银行汉口分行旧址（含中南银行）,British,英租界,Column,柱14.png,1,C1,Brick-textured/articulated grouping,8.069106
COL0584,B021,F066,上海银行汉口分行旧址（含中南银行）,British,英租界,Column,柱2.png,1,C1,Brick-textured/articulated grouping,10.206172
COL0585,B021,F066,上海银行汉口分行旧址（含中南银行）,British,英租界,Column,柱3.png,1,C1,Brick-textured/articulated grouping,7.8124056
COL0586,B021,F066,上海银行汉口分行旧址（含中南银行）,British,英租界,Column,柱4.png,1,C1,Brick-textured/articulated grouping,9.2141485
COL0587,B021,F066,上海银行汉口分行旧址（含中南银行）,British,英租界,Column,柱5.png,1,C1,Brick-textured/articulated grouping,9.169958
COL0588,B021,F066,上海银行汉口分行旧址（含中南银行）,British,英租界,Column,柱6.png,1,C1,Brick-textured/articulated grouping,8.925641
COL0589,B021,F066,上海银行汉口分行旧址（含中南银行）,British,英租界,Column,柱7.png,1,C1,Brick-textured/articulated grouping,7.9187613
COL0590,B021,F066,上海银行汉口分行旧址（含中南银行）,British,英租界,Column,柱8.png,1,C1,Brick-textured/articulated grouping,7.1783767
COL0591,B021,F066,上海银行汉口分行旧址（含中南银行）,British,英租界,Column,柱9.png,1,C1,Brick-textured/articulated grouping,8.979024
COL0592,B017,F067,汉口鄱阳街 5-11 号（汉口民生轮船公司旧址）,British,英租界,Column,柱1.png,1,C1,Brick-textured/articulated grouping,13.173293
COL0593,B017,F067,汉口鄱阳街 5-11 号（汉口民生轮船公司旧址）,British,英租界,Column,柱2.png,2,C2,Plain-rectilinear grouping,10.5639515
COL0594,B040,F068,中山大道 891-903 号建筑,French,法租界,Column,柱1.png,1,C1,Brick-textured/articulated grouping,10.193512
COL0595,B040,F068,中山大道 891-903 号建筑,French,法租界,Column,柱10.png,1,C1,Brick-textured/articulated grouping,11.16224
COL0596,B040,F068,中山大道 891-903 号建筑,French,法租界,Column,柱11.png,1,C1,Brick-textured/articulated grouping,8.17813
COL0597,B040,F068,中山大道 891-903 号建筑,French,法租界,Column,柱12.png,1,C1,Brick-textured/articulated grouping,10.815673
COL0598,B040,F068,中山大道 891-903 号建筑,French,法租界,Column,柱13.png,1,C1,Brick-textured/articulated grouping,14.263816
COL0599,B040,F068,中山大道 891-903 号建筑,French,法租界,Column,柱2.png,1,C1,Brick-textured/articulated grouping,9.357759
COL0600,B040,F068,中山大道 891-903 号建筑,French,法租界,Column,柱3.png,1,C1,Brick-textured/articulated grouping,7.6122055
COL0601,B040,F068,中山大道 891-903 号建筑,French,法租界,Column,柱4.png,1,C1,Brick-textured/articulated grouping,12.454255
COL0602,B040,F068,中山大道 891-903 号建筑,French,法租界,Column,柱5.png,1,C1,Brick-textured/articulated grouping,8.963102
COL0603,B040,F068,中山大道 891-903 号建筑,French,法租界,Column,柱6.png,1,C1,Brick-textured/articulated grouping,10.850102
COL0604,B040,F068,中山大道 891-903 号建筑,French,法租界,Column,柱7.png,1,C1,Brick-textured/articulated grouping,10.086674
COL0605,B040,F068,中山大道 891-903 号建筑,French,法租界,Column,柱8.png,1,C1,Brick-textured/articulated grouping,7.0633054
COL0606,B040,F068,中山大道 891-903 号建筑,French,法租界,Column,柱9.png,1,C1,Brick-textured/articulated grouping,8.132763
COL0607,B020,F069,武汉美术馆（金城银行旧址、金城里）,British,英租界,Column,柱1.png,1,C1,Brick-textured/articulated grouping,6.6209908
COL0608,B020,F069,武汉美术馆（金城银行旧址、金城里）,British,英租界,Column,柱10.png,1,C1,Brick-textured/articulated grouping,9.391073
COL0609,B020,F069,武汉美术馆（金城银行旧址、金城里）,British,英租界,Column,柱11.png,1,C1,Brick-textured/articulated grouping,8.001355
COL0610,B020,F069,武汉美术馆（金城银行旧址、金城里）,British,英租界,Column,柱12.png,1,C1,Brick-textured/articulated grouping,10.694947
COL0611,B020,F069,武汉美术馆（金城银行旧址、金城里）,British,英租界,Column,柱13.png,1,C1,Brick-textured/articulated grouping,7.168863
COL0612,B020,F069,武汉美术馆（金城银行旧址、金城里）,British,英租界,Column,柱14.png,1,C1,Brick-textured/articulated grouping,8.017322
COL0613,B020,F069,武汉美术馆（金城银行旧址、金城里）,British,英租界,Column,柱15.png,1,C1,Brick-textured/articulated grouping,10.896669
COL0614,B020,F069,武汉美术馆（金城银行旧址、金城里）,British,英租界,Column,柱16.png,1,C1,Brick-textured/articulated grouping,11.851789
COL0615,B020,F069,武汉美术馆（金城银行旧址、金城里）,British,英租界,Column,柱2.png,1,C1,Brick-textured/articulated grouping,11.652209
COL0616,B020,F069,武汉美术馆（金城银行旧址、金城里）,British,英租界,Column,柱3.png,1,C1,Brick-textured/articulated grouping,11.119481
COL0617,B020,F069,武汉美术馆（金城银行旧址、金城里）,British,英租界,Column,柱4.png,1,C1,Brick-textured/articulated grouping,11.26583
COL0618,B020,F069,武汉美术馆（金城银行旧址、金城里）,British,英租界,Column,柱5.png,1,C1,Brick-textured/articulated grouping,10.157214
COL0619,B020,F069,武汉美术馆（金城银行旧址、金城里）,British,英租界,Column,柱6.png,1,C1,Brick-textured/articulated grouping,8.578829
COL0620,B020,F069,武汉美术馆（金城银行旧址、金城里）,British,英租界,Column,柱7.png,1,C1,Brick-textured/articulated grouping,11.572388
COL0621,B020,F069,武汉美术馆（金城银行旧址、金城里）,British,英租界,Column,柱8.png,1,C1,Brick-textured/articulated grouping,10.839451
COL0622,B020,F069,武汉美术馆（金城银行旧址、金城里）,British,英租界,Column,柱9.png,1,C1,Brick-textured/articulated grouping,9.331284
COL0623,B003,F070,浙江实业银行（汉口分行）旧址,British,英租界,Column,柱1.png,2,C2,Plain-rectilinear grouping,14.703575
COL0624,B003,F070,浙江实业银行（汉口分行）旧址,British,英租界,Column,柱10.png,2,C2,Plain-rectilinear grouping,11.0439825
COL0625,B003,F070,浙江实业银行（汉口分行）旧址,British,英租界,Column,柱11.png,2,C2,Plain-rectilinear grouping,12.421554
COL0626,B003,F070,浙江实业银行（汉口分行）旧址,British,英租界,Column,柱2.png,2,C2,Plain-rectilinear grouping,12.778434
COL0627,B003,F070,浙江实业银行（汉口分行）旧址,British,英租界,Column,柱3.png,2,C2,Plain-rectilinear grouping,13.176594
COL0628,B003,F070,浙江实业银行（汉口分行）旧址,British,英租界,Column,柱4.png,2,C2,Plain-rectilinear grouping,13.755284
COL0629,B003,F070,浙江实业银行（汉口分行）旧址,British,英租界,Column,柱5.png,2,C2,Plain-rectilinear grouping,9.929462
COL0630,B003,F070,浙江实业银行（汉口分行）旧址,British,英租界,Column,柱6.png,2,C2,Plain-rectilinear grouping,11.746496
COL0631,B003,F070,浙江实业银行（汉口分行）旧址,British,英租界,Column,柱7.png,2,C2,Plain-rectilinear grouping,15.174539
COL0632,B003,F070,浙江实业银行（汉口分行）旧址,British,英租界,Column,柱8.png,2,C2,Plain-rectilinear grouping,12.718575
COL0633,B003,F070,浙江实业银行（汉口分行）旧址,British,英租界,Column,柱9.png,2,C2,Plain-rectilinear grouping,9.976047
COL0634,B001,F071,大陆坊、大陆银行（汉口分行）,British,英租界,Column,柱1.png,1,C1,Brick-textured/articulated grouping,12.164662
COL0635,B001,F071,大陆坊、大陆银行（汉口分行）,British,英租界,Column,柱2.png,1,C1,Brick-textured/articulated grouping,10.89839
COL0636,B001,F071,大陆坊、大陆银行（汉口分行）,British,英租界,Column,柱3.png,1,C1,Brick-textured/articulated grouping,12.529985
COL0637,B001,F071,大陆坊、大陆银行（汉口分行）,British,英租界,Column,柱4.png,1,C1,Brick-textured/articulated grouping,12.604443
COL0638,B041,F072,中山大道 889 号建筑,French,法租界,Column,柱1.png,2,C2,Plain-rectilinear grouping,8.643921
COL0639,B041,F072,中山大道 889 号建筑,French,法租界,Column,柱2.png,2,C2,Plain-rectilinear grouping,10.374825
COL0640,B041,F072,中山大道 889 号建筑,French,法租界,Column,柱3.png,2,C2,Plain-rectilinear grouping,11.5564785
COL0641,B041,F072,中山大道 889 号建筑,French,法租界,Column,柱4.png,2,C2,Plain-rectilinear grouping,12.446924
COL0642,B041,F072,中山大道 889 号建筑,French,法租界,Column,柱5.png,2,C2,Plain-rectilinear grouping,10.767326
COL0643,B041,F072,中山大道 889 号建筑,French,法租界,Column,柱6.png,2,C2,Plain-rectilinear grouping,13.4098215
COL0644,B041,F072,中山大道 889 号建筑,French,法租界,Column,柱7.png,2,C2,Plain-rectilinear grouping,12.847325
COL0645,B041,F072,中山大道 889 号建筑,French,法租界,Column,柱8.png,2,C2,Plain-rectilinear grouping,10.033919
COL0646,B041,F072,中山大道 889 号建筑,French,法租界,Column,柱9.png,2,C2,Plain-rectilinear grouping,10.115639
COL0647,B046,F073,洞庭街 91-97 号建筑,French,法租界,Column,柱1.png,2,C2,Plain-rectilinear grouping,11.865232
COL0648,B046,F073,洞庭街 91-97 号建筑,French,法租界,Column,柱2.png,2,C2,Plain-rectilinear grouping,11.210186
COL0649,B046,F073,洞庭街 91-97 号建筑,French,法租界,Column,柱3.png,2,C2,Plain-rectilinear grouping,13.031156
COL0650,B046,F073,洞庭街 91-97 号建筑,French,法租界,Column,柱4.png,1,C1,Brick-textured/articulated grouping,12.375944
COL0651,B046,F073,洞庭街 91-97 号建筑,French,法租界,Column,柱5.png,2,C2,Plain-rectilinear grouping,11.337334
COL0652,B046,F073,洞庭街 91-97 号建筑,French,法租界,Column,柱6.png,2,C2,Plain-rectilinear grouping,12.841274
COL0653,B008,F074,汉润里,British,英租界,Column,柱1.png,2,C2,Plain-rectilinear grouping,10.1265745
COL0654,B008,F074,汉润里,British,英租界,Column,柱2.png,2,C2,Plain-rectilinear grouping,9.277873
COL0655,B017,F075,汉口鄱阳街 5-11 号（汉口民生轮船公司旧址）,British,英租界,Column,柱1.png,1,C1,Brick-textured/articulated grouping,12.047888
COL0656,B012,F076,中共中央领导人汉口驻地旧址,British,英租界,Column,柱1.png,2,C2,Plain-rectilinear grouping,13.391741
COL0657,B012,F076,中共中央领导人汉口驻地旧址,British,英租界,Column,柱10.png,2,C2,Plain-rectilinear grouping,10.993202
COL0658,B012,F076,中共中央领导人汉口驻地旧址,British,英租界,Column,柱11.png,2,C2,Plain-rectilinear grouping,11.83553
COL0659,B012,F076,中共中央领导人汉口驻地旧址,British,英租界,Column,柱12.png,2,C2,Plain-rectilinear grouping,12.881235
COL0660,B012,F076,中共中央领导人汉口驻地旧址,British,英租界,Column,柱2.png,2,C2,Plain-rectilinear grouping,11.679537
COL0661,B012,F076,中共中央领导人汉口驻地旧址,British,英租界,Column,柱3.png,2,C2,Plain-rectilinear grouping,10.24683
COL0662,B012,F076,中共中央领导人汉口驻地旧址,British,英租界,Column,柱4.png,2,C2,Plain-rectilinear grouping,11.32842
COL0663,B012,F076,中共中央领导人汉口驻地旧址,British,英租界,Column,柱5.png,2,C2,Plain-rectilinear grouping,11.313155
COL0664,B012,F076,中共中央领导人汉口驻地旧址,British,英租界,Column,柱6.png,2,C2,Plain-rectilinear grouping,11.9466915
COL0665,B012,F076,中共中央领导人汉口驻地旧址,British,英租界,Column,柱7.png,2,C2,Plain-rectilinear grouping,12.581171
COL0666,B012,F076,中共中央领导人汉口驻地旧址,British,英租界,Column,柱8.png,2,C2,Plain-rectilinear grouping,12.814842
COL0667,B012,F076,中共中央领导人汉口驻地旧址,British,英租界,Column,柱9.png,2,C2,Plain-rectilinear grouping,13.872899
COL0668,B037,F077,汉口国民政府外交部旧址,French,法租界,Column,柱1.png,2,C2,Plain-rectilinear grouping,13.010408
COL0669,B037,F077,汉口国民政府外交部旧址,French,法租界,Column,柱10.png,2,C2,Plain-rectilinear grouping,13.680005
COL0670,B037,F077,汉口国民政府外交部旧址,French,法租界,Column,柱11.png,2,C2,Plain-rectilinear grouping,11.2332735
COL0671,B037,F077,汉口国民政府外交部旧址,French,法租界,Column,柱12.png,2,C2,Plain-rectilinear grouping,11.583895
COL0672,B037,F077,汉口国民政府外交部旧址,French,法租界,Column,柱13.png,2,C2,Plain-rectilinear grouping,15.439547
COL0673,B037,F077,汉口国民政府外交部旧址,French,法租界,Column,柱14.png,2,C2,Plain-rectilinear grouping,10.683646
COL0674,B037,F077,汉口国民政府外交部旧址,French,法租界,Column,柱15.png,2,C2,Plain-rectilinear grouping,9.493192
COL0675,B037,F077,汉口国民政府外交部旧址,French,法租界,Column,柱16.png,2,C2,Plain-rectilinear grouping,11.049165
COL0676,B037,F077,汉口国民政府外交部旧址,French,法租界,Column,柱2.png,2,C2,Plain-rectilinear grouping,15.256332
COL0677,B037,F077,汉口国民政府外交部旧址,French,法租界,Column,柱3.png,2,C2,Plain-rectilinear grouping,14.23636
COL0678,B037,F077,汉口国民政府外交部旧址,French,法租界,Column,柱4.png,2,C2,Plain-rectilinear grouping,14.164578
COL0679,B037,F077,汉口国民政府外交部旧址,French,法租界,Column,柱5.png,2,C2,Plain-rectilinear grouping,15.050657
COL0680,B037,F077,汉口国民政府外交部旧址,French,法租界,Column,柱6.png,2,C2,Plain-rectilinear grouping,13.076147
COL0681,B037,F077,汉口国民政府外交部旧址,French,法租界,Column,柱7.png,2,C2,Plain-rectilinear grouping,13.136959
COL0682,B037,F077,汉口国民政府外交部旧址,French,法租界,Column,柱8.png,2,C2,Plain-rectilinear grouping,14.890325
COL0683,B037,F077,汉口国民政府外交部旧址,French,法租界,Column,柱9.png,2,C2,Plain-rectilinear grouping,13.117929
